Contract Number,2021 Overall,2022 Overall
E0654 ,Not Applicable,N/A
E3014 ,Not Applicable,N/A
E4744 ,Not Applicable,N/A
H0022 ,Not enough data available,N/A
H0028 ,4,
H0029 ,Plan too new to be measured,N/A
H0034 ,Plan too new to be measured,N/A
H0062 ,3,
H0074 ,Plan too new to be measured,N/A
H0088 ,Plan too new to be measured,N/A
H0104 ,4,
H0107 ,4,
H0111 ,3,
H0137 ,Not enough data available,N/A
H0148 ,Not enough data available,N/A
H0154 ,4.5,
H0169 ,4.5,
H0174 ,3.5,
H0192 ,Not enough data available,N/A
H0251 ,4,
H0270 ,Plan too new to be measured,N/A
H0271 ,Plan too new to be measured,N/A
H0292 ,Plan too new to be measured,N/A
H0294 ,4.5,
H0302 ,3,
H0321 ,3.5,
H0332 ,5,
H0336 ,Not enough data available,N/A
H0342 ,Plan too new to be measured,N/A
H0351 ,3,
H0354 ,4,
H0363 ,Plan too new to be measured,N/A
H0422 ,Plan too new to be measured,N/A
H0423 ,3.5,
H0432 ,3.5,
H0439 ,3.5,
H0473 ,Plan too new to be measured,N/A
H0480 ,Not enough data available,N/A
H0482 ,Plan too new to be measured,N/A
H0504 ,4,
H0523 ,3.5,
H0524 ,5,
H0543 ,4,
H0544 ,3.5,
H0545 ,3.5,
H0562 ,4,
H0571 ,4,
H0609 ,4,
H0624 ,4,
H0628 ,Plan too new to be measured,N/A
H0630 ,5,
H0657 ,Not enough data available,N/A
H0672 ,Plan too new to be measured,N/A
H0710 ,5,
H0712 ,3,
H0724 ,3,
H0755 ,4,
H0783 ,Plan too new to be measured,N/A
H0798 ,Plan too new to be measured,N/A
H0838 ,3.5,
H0885 ,Plan too new to be measured,N/A
H0907 ,Plan too new to be measured,N/A
H0908 ,3.5,
H0913 ,3.5,
H0927 ,Not enough data available,N/A
H0969 ,Plan too new to be measured,N/A
H0982 ,Plan too new to be measured,N/A
H1016 ,3.5,
H1019 ,5,
H1032 ,4,
H1035 ,4.5,
H1036 ,4.5,
H1045 ,3.5,
H1099 ,3.5,
H1100 ,Plan too new to be measured,N/A
H1109 ,3,
H1111 ,3.5,
H1112 ,3.5,
H1119 ,Plan too new to be measured,N/A
H1142 ,Plan too new to be measured,N/A
H1170 ,5,
H1181 ,Not enough data available,N/A
H1189 ,3,
H1205 ,Plan too new to be measured,N/A
H1225 ,3.5,
H1230 ,5,
H1248 ,Plan too new to be measured,N/A
H1277 ,Plan too new to be measured,N/A
H1278 ,Plan too new to be measured,N/A
H1290 ,Plan too new to be measured,N/A
H1302 ,Not enough data available,N/A
H1304 ,3.5,
H1350 ,3.5,
H1352 ,3.5,
H1353 ,Plan too new to be measured,N/A
H1360 ,Plan too new to be measured,N/A
H1365 ,4.5,
H1372 ,Not enough data available,N/A
H1375 ,Plan too new to be measured,N/A
H1393 ,Plan too new to be measured,N/A
H1415 ,3,
H1416 ,3,
H1423 ,Plan too new to be measured,N/A
H1426 ,Plan too new to be measured,N/A
H1436 ,3,
H1463 ,4,
H1468 ,4,
H1537 ,5,
H1587 ,4,
H1607 ,3.5,
H1608 ,3.5,
H1609 ,4,
H1610 ,3,
H1644 ,Plan too new to be measured,N/A
H1651 ,Not enough data available,N/A
H1659 ,3.5,
H1660 ,4,
H1664 ,Plan too new to be measured,N/A
H1666 ,3,
H1692 ,3.5,
H1722 ,Plan too new to be measured,N/A
H1723 ,Not enough data available,N/A
H1732 ,Plan too new to be measured,N/A
H1737 ,3.5,
H1748 ,Plan too new to be measured,N/A
H1774 ,Plan too new to be measured,N/A
H1777 ,4,
H1787 ,Plan too new to be measured,N/A
H1821 ,Plan too new to be measured,N/A
H1846 ,3.5,
H1848 ,Plan too new to be measured,N/A
H1862 ,Plan too new to be measured,N/A
H1889 ,Plan too new to be measured,N/A
H1894 ,3,
H1914 ,Plan too new to be measured,N/A
H1924 ,Plan too new to be measured,N/A
H1944 ,4,
H1947 ,Plan too new to be measured,N/A
H1951 ,4.5,
H1961 ,4.5,
H1969 ,4.5,
H1977 ,Not enough data available,N/A
H1993 ,Plan too new to be measured,N/A
H1994 ,4,
H1997 ,4,
H2001 ,4.5,
H2011 ,Plan too new to be measured,N/A
H2020 ,Plan too new to be measured,N/A
H2029 ,4,
H2032 ,4,
H2034 ,Not enough data available,N/A
H2056 ,Plan too new to be measured,N/A
H2108 ,3.5,
H2120 ,Plan too new to be measured,N/A
H2134 ,Plan too new to be measured,N/A
H2161 ,Not enough data available,N/A
H2162 ,Plan too new to be measured,N/A
H2168 ,3,
H2171 ,3.5,
H2172 ,5,
H2174 ,3.5,
H2185 ,Not enough data available,N/A
H2196 ,Plan too new to be measured,N/A
H2224 ,4,
H2225 ,4.5,
H2226 ,5,
H2228 ,4,
H2230 ,4.5,
H2235 ,Plan too new to be measured,N/A
H2237 ,4,
H2241 ,3,
H2247 ,Plan too new to be measured,N/A
H2256 ,5,
H2261 ,4.5,
H2288 ,Plan too new to be measured,N/A
H2292 ,Plan too new to be measured,N/A
H2320 ,4,
H2322 ,4,
H2334 ,Not enough data available,N/A
H2354 ,4.5,
H2392 ,Plan too new to be measured,N/A
H2400 ,Not enough data available,N/A
H2406 ,3.5,
H2416 ,4.5,
H2417 ,Not enough data available,N/A
H2419 ,4.5,
H2422 ,5,
H2425 ,4.5,
H2450 ,4,
H2456 ,4,
H2458 ,4.5,
H2459 ,4.5,
H2461 ,4,
H2462 ,4.5,
H2463 ,Plan too new to be measured,N/A
H2486 ,4,
H2491 ,3,
H2506 ,Not enough data available,N/A
H2531 ,Not enough data available,N/A
H2533 ,Not enough data available,N/A
H2563 ,3.5,
H2577 ,Plan too new to be measured,N/A
H2582 ,Plan too new to be measured,N/A
H2591 ,Not enough data available,N/A
H2593 ,3,
H2610 ,4.5,
H2624 ,Plan too new to be measured,N/A
H2663 ,4.5,
H2678 ,Plan too new to be measured,N/A
H2697 ,Plan too new to be measured,N/A
H2722 ,Plan too new to be measured,N/A
H2765 ,Plan too new to be measured,N/A
H2775 ,3.5,
H2782 ,Plan too new to be measured,N/A
H2793 ,Plan too new to be measured,N/A
H2802 ,4.5,
H2816 ,3.5,
H2825 ,Plan too new to be measured,N/A
H2829 ,3,
H2836 ,Not enough data available,N/A
H2853 ,Plan too new to be measured,N/A
H2879 ,3.5,
H2915 ,Plan too new to be measured,N/A
H2926 ,Not enough data available,N/A
H2944 ,3.5,
H2960 ,4,
H2962 ,4,
H2986 ,3.5,
H3015 ,Plan too new to be measured,N/A
H3047 ,Plan too new to be measured,N/A
H3071 ,3,
H3113 ,4,
H3132 ,4,
H3146 ,Plan too new to be measured,N/A
H3152 ,3.5,
H3154 ,4,
H3170 ,4,
H3192 ,Plan too new to be measured,N/A
H3204 ,3.5,
H3206 ,3,
H3213 ,Plan too new to be measured,N/A
H3219 ,Plan too new to be measured,N/A
H3237 ,Not enough data available,N/A
H3239 ,Plan too new to be measured,N/A
H3240 ,3.5,
H3251 ,3.5,
H3256 ,Plan too new to be measured,N/A
H3259 ,3.5,
H3276 ,Plan too new to be measured,N/A
H3281 ,Plan too new to be measured,N/A
H3288 ,Plan too new to be measured,N/A
H3291 ,Not enough data available,N/A
H3293 ,Plan too new to be measured,N/A
H3305 ,4.5,
H3307 ,3,
H3312 ,3,
H3330 ,3,
H3335 ,4.5,
H3342 ,Not enough data available,N/A
H3344 ,4.5,
H3347 ,3.5,
H3351 ,4.5,
H3359 ,4,
H3362 ,4.5,
H3379 ,3.5,
H3384 ,4,
H3387 ,3.5,
H3388 ,4.5,
H3404 ,4,
H3407 ,Plan too new to be measured,N/A
H3416 ,4.5,
H3418 ,Plan too new to be measured,N/A
H3419 ,Plan too new to be measured,N/A
H3442 ,Plan too new to be measured,N/A
H3447 ,3.5,
H3449 ,4,
H3464 ,3.5,
H3467 ,Plan too new to be measured,N/A
H3471 ,3.5,
H3499 ,Plan too new to be measured,N/A
H3528 ,4,
H3533 ,3,
H3536 ,3.5,
H3554 ,Plan too new to be measured,N/A
H3557 ,Plan too new to be measured,N/A
H3561 ,3.5,
H3572 ,Plan too new to be measured,N/A
H3597 ,4.5,
H3632 ,Plan too new to be measured,N/A
H3653 ,4,
H3655 ,4,
H3660 ,4,
H3664 ,4.5,
H3668 ,4,
H3672 ,4,
H3706 ,3.5,
H3708 ,Not enough data available,N/A
H3725 ,Plan too new to be measured,N/A
H3727 ,Plan too new to be measured,N/A
H3748 ,Plan too new to be measured,N/A
H3749 ,3.5,
H3755 ,4,
H3777 ,Plan too new to be measured,N/A
H3794 ,4.5,
H3800 ,Plan too new to be measured,N/A
H3805 ,4,
H3810 ,3.5,
H3811 ,4,
H3813 ,3,
H3814 ,3,
H3815 ,4,
H3817 ,4.5,
H3822 ,3.5,
H3832 ,3.5,
H3864 ,4,
H3890 ,3,
H3907 ,4,
H3909 ,3.5,
H3916 ,4.5,
H3923 ,4,
H3924 ,3.5,
H3928 ,3.5,
H3931 ,3.5,
H3949 ,4,
H3952 ,4,
H3954 ,4,
H3957 ,4,
H3959 ,4.5,
H3962 ,3.5,
H3975 ,Plan too new to be measured,N/A
H3979 ,3.5,
H4003 ,4,
H4004 ,4.5,
H4005 ,3.5,
H4007 ,4,
H4036 ,4,
H4091 ,Plan too new to be measured,N/A
H4093 ,Not enough data available,N/A
H4094 ,Plan too new to be measured,N/A
H4140 ,Plan too new to be measured,N/A
H4141 ,4,
H4152 ,4,
H4172 ,Not enough data available,N/A
H4198 ,3.5,
H4213 ,3,
H4227 ,4,
H4232 ,Plan too new to be measured,N/A
H4236 ,Plan too new to be measured,N/A
H4279 ,4,
H4304 ,Plan too new to be measured,N/A
H4343 ,Plan too new to be measured,N/A
H4346 ,3,
H4388 ,Not enough data available,N/A
H4407 ,4,
H4461 ,4.5,
H4490 ,Not enough data available,N/A
H4497 ,4.5,
H4506 ,3.5,
H4513 ,4.5,
H4514 ,3.5,
H4523 ,3.5,
H4527 ,3.5,
H4544 ,Plan too new to be measured,N/A
H4590 ,4.5,
H4604 ,4,
H4605 ,4,
H4623 ,Plan too new to be measured,N/A
H4624 ,Plan too new to be measured,N/A
H4675 ,Plan too new to be measured,N/A
H4676 ,Plan too new to be measured,N/A
H4699 ,Plan too new to be measured,N/A
H4709 ,Plan too new to be measured,N/A
H4711 ,Plan too new to be measured,N/A
H4754 ,3.5,
H4778 ,Plan too new to be measured,N/A
H4829 ,Plan too new to be measured,N/A
H4835 ,Plan too new to be measured,N/A
H4847 ,Plan too new to be measured,N/A
H4853 ,2.5,
H4868 ,3.5,
H4875 ,3.5,
H4882 ,4.5,
H4909 ,4,
H4922 ,2.5,
H4931 ,3.5,
H4937 ,Plan too new to be measured,N/A
H4961 ,Plan too new to be measured,N/A
H4982 ,Plan too new to be measured,N/A
H5008 ,3.5,
H5009 ,4,
H5010 ,4,
H5015 ,Plan too new to be measured,N/A
H5042 ,5,
H5050 ,4.5,
H5087 ,4.5,
H5106 ,3.5,
H5117 ,Plan too new to be measured,N/A
H5126 ,Plan too new to be measured,N/A
H5140 ,Plan too new to be measured,N/A
H5141 ,3,
H5172 ,Not enough data available,N/A
H5178 ,Plan too new to be measured,N/A
H5190 ,3.5,
H5199 ,Plan too new to be measured,N/A
H5209 ,4.5,
H5211 ,4,
H5215 ,4.5,
H5216 ,4,
H5232 ,Plan too new to be measured,N/A
H5253 ,4,
H5256 ,Not enough data available,N/A
H5262 ,5,
H5264 ,Not enough data available,N/A
H5273 ,Plan too new to be measured,N/A
H5280 ,Not enough data available,N/A
H5294 ,4,
H5296 ,Plan too new to be measured,N/A
H5302 ,Not enough data available,N/A
H5322 ,3.5,
H5325 ,Plan too new to be measured,N/A
H5337 ,Plan too new to be measured,N/A
H5355 ,Not enough data available,N/A
H5373 ,Plan too new to be measured,N/A
H5374 ,Plan too new to be measured,N/A
H5377 ,Plan too new to be measured,N/A
H5386 ,4.5,
H5398 ,Plan too new to be measured,N/A
H5410 ,5,
H5420 ,4,
H5422 ,3.5,
H5425 ,4.5,
H5427 ,4,
H5430 ,3,
H5431 ,5,
H5433 ,3.5,
H5434 ,3.5,
H5435 ,3,
H5439 ,3,
H5447 ,Plan too new to be measured,N/A
H5454 ,Plan too new to be measured,N/A
H5471 ,4,
H5475 ,3.5,
H5496 ,Plan too new to be measured,N/A
H5521 ,4,
H5522 ,4.5,
H5525 ,4,
H5526 ,5,
H5528 ,Not enough data available,N/A
H5533 ,4.5,
H5549 ,4,
H5576 ,4,
H5577 ,4,
H5580 ,3,
H5587 ,3,
H5590 ,Not enough data available,N/A
H5591 ,5,
H5593 ,Plan too new to be measured,N/A
H5594 ,4.5,
H5599 ,Plan too new to be measured,N/A
H5608 ,3.5,
H5613 ,Not enough data available,N/A
H5619 ,4,
H5628 ,3.5,
H5644 ,Plan too new to be measured,N/A
H5649 ,3.5,
H5652 ,5,
H5656 ,3.5,
H5703 ,Not enough data available,N/A
H5742 ,Plan too new to be measured,N/A
H5746 ,3,
H5774 ,4,
H5779 ,3.5,
H5793 ,4,
H5810 ,3.5,
H5823 ,3.5,
H5826 ,3,
H5828 ,Plan too new to be measured,N/A
H5841 ,Plan too new to be measured,N/A
H5843 ,Plan too new to be measured,N/A
H5852 ,3.5,
H5854 ,4,
H5859 ,3.5,
H5883 ,4,
H5926 ,3.5,
H5928 ,3.5,
H5932 ,4,
H5937 ,4.5,
H5938 ,4.5,
H5943 ,3.5,
H5945 ,3,
H5959 ,4.5,
H5965 ,Plan too new to be measured,N/A
H5969 ,3,
H5970 ,4,
H5989 ,Not enough data available,N/A
H5991 ,3,
H5992 ,Not enough data available,N/A
H5995 ,3.5,
H6067 ,Plan too new to be measured,N/A
H6078 ,Plan too new to be measured,N/A
H6080 ,Not enough data available,N/A
H6121 ,Plan too new to be measured,N/A
H6154 ,4,
H6158 ,Plan too new to be measured,N/A
H6202 ,Plan too new to be measured,N/A
H6229 ,Not enough data available,N/A
H6237 ,4.5,
H6306 ,4,
H6316 ,Plan too new to be measured,N/A
H6328 ,3.5,
H6345 ,Plan too new to be measured,N/A
H6348 ,Plan too new to be measured,N/A
H6351 ,Plan too new to be measured,N/A
H6379 ,Plan too new to be measured,N/A
H6396 ,3.5,
H6399 ,Plan too new to be measured,N/A
H6439 ,Plan too new to be measured,N/A
H6446 ,Plan too new to be measured,N/A
H6453 ,3.5,
H6502 ,4,
H6526 ,3,
H6528 ,3.5,
H6529 ,Plan too new to be measured,N/A
H6550 ,Plan too new to be measured,N/A
H6594 ,Plan too new to be measured,N/A
H6595 ,Plan too new to be measured,N/A
H6622 ,4,
H6652 ,Plan too new to be measured,N/A
H6672 ,Not enough data available,N/A
H6706 ,Plan too new to be measured,N/A
H6713 ,Plan too new to be measured,N/A
H6723 ,4,
H6743 ,3,
H6750 ,4,
H6776 ,Not enough data available,N/A
H6815 ,3.5,
H6830 ,Plan too new to be measured,N/A
H6832 ,Plan too new to be measured,N/A
H6870 ,Not enough data available,N/A
H6874 ,Plan too new to be measured,N/A
H6891 ,Plan too new to be measured,N/A
H6898 ,Plan too new to be measured,N/A
H6910 ,Plan too new to be measured,N/A
H6936 ,Plan too new to be measured,N/A
H6959 ,Plan too new to be measured,N/A
H6975 ,Plan too new to be measured,N/A
H6988 ,3.5,
H7006 ,4,
H7020 ,4,
H7063 ,Plan too new to be measured,N/A
H7076 ,Plan too new to be measured,N/A
H7115 ,3.5,
H7119 ,Plan too new to be measured,N/A
H7123 ,Plan too new to be measured,N/A
H7149 ,4,
H7163 ,Plan too new to be measured,N/A
H7165 ,Plan too new to be measured,N/A
H7172 ,Not enough data available,N/A
H7173 ,3,
H7175 ,Plan too new to be measured,N/A
H7220 ,4.5,
H7245 ,3.5,
H7273 ,Plan too new to be measured,N/A
H7284 ,Plan too new to be measured,N/A
H7301 ,4.5,
H7322 ,Plan too new to be measured,N/A
H7323 ,Plan too new to be measured,N/A
H7326 ,3,
H7330 ,Plan too new to be measured,N/A
H7399 ,Plan too new to be measured,N/A
H7404 ,Plan too new to be measured,N/A
H7409 ,Plan too new to be measured,N/A
H7419 ,Not enough data available,N/A
H7445 ,Plan too new to be measured,N/A
H7464 ,4,
H7511 ,Plan too new to be measured,N/A
H7518 ,Plan too new to be measured,N/A
H7522 ,3.5,
H7557 ,Plan too new to be measured,N/A
H7559 ,Plan too new to be measured,N/A
H7594 ,Plan too new to be measured,N/A
H7598 ,Plan too new to be measured,N/A
H7607 ,Plan too new to be measured,N/A
H7617 ,Plan too new to be measured,N/A
H7621 ,Plan too new to be measured,N/A
H7646 ,Plan too new to be measured,N/A
H7678 ,3.5,
H7680 ,2.5,
H7728 ,3.5,
H7779 ,Plan too new to be measured,N/A
H7787 ,3.5,
H7802 ,Plan too new to be measured,N/A
H7833 ,Not enough data available,N/A
H7844 ,Not enough data available,N/A
H7849 ,Plan too new to be measured,N/A
H7853 ,Plan too new to be measured,N/A
H7885 ,Not enough data available,N/A
H7890 ,Not enough data available,N/A
H7917 ,4,
H7925 ,Plan too new to be measured,N/A
H7971 ,Not enough data available,N/A
H7993 ,Plan too new to be measured,N/A
H8003 ,3.5,
H8010 ,Plan too new to be measured,N/A
H8016 ,Not enough data available,N/A
H8019 ,Plan too new to be measured,N/A
H8026 ,Not enough data available,N/A
H8046 ,Not enough data available,N/A
H8064 ,4,
H8067 ,Not enough data available,N/A
H8087 ,Plan too new to be measured,N/A
H8093 ,Plan too new to be measured,N/A
H8125 ,Plan too new to be measured,N/A
H8130 ,3.5,
H8133 ,3,
H8142 ,4.5,
H8145 ,3.5,
H8173 ,Plan too new to be measured,N/A
H8176 ,Plan too new to be measured,N/A
H8181 ,Plan too new to be measured,N/A
H8189 ,4.5,
H8197 ,Not enough data available,N/A
H8211 ,3.5,
H8213 ,Not enough data available,N/A
H8225 ,Plan too new to be measured,N/A
H8258 ,Not enough data available,N/A
H8280 ,Plan too new to be measured,N/A
H8293 ,Plan too new to be measured,N/A
H8298 ,3.5,
H8332 ,Plan too new to be measured,N/A
H8343 ,Plan too new to be measured,N/A
H8364 ,Plan too new to be measured,N/A
H8379 ,Plan too new to be measured,N/A
H8390 ,Plan too new to be measured,N/A
H8423 ,Not enough data available,N/A
H8432 ,3,
H8452 ,Not enough data available,N/A
H8457 ,Plan too new to be measured,N/A
H8492 ,Plan too new to be measured,N/A
H8547 ,Plan too new to be measured,N/A
H8552 ,3.5,
H8553 ,Plan too new to be measured,N/A
H8554 ,3,
H8578 ,4,
H8597 ,Plan too new to be measured,N/A
H8604 ,3.5,
H8634 ,3.5,
H8649 ,3,
H8677 ,Not enough data available,N/A
H8711 ,Plan too new to be measured,N/A
H8748 ,3.5,
H8764 ,3,
H8768 ,4,
H8783 ,Plan too new to be measured,N/A
H8786 ,Not enough data available,N/A
H8797 ,Plan too new to be measured,N/A
H8845 ,Plan too new to be measured,N/A
H8849 ,Plan too new to be measured,N/A
H8854 ,3.5,
H8889 ,4.5,
H8908 ,3,
H8961 ,Plan too new to be measured,N/A
H8967 ,Plan too new to be measured,N/A
H9001 ,4.5,
H9003 ,5,
H9042 ,Plan too new to be measured,N/A
H9047 ,4.5,
H9065 ,Plan too new to be measured,N/A
H9066 ,Plan too new to be measured,N/A
H9070 ,Plan too new to be measured,N/A
H9082 ,3,
H9095 ,Plan too new to be measured,N/A
H9096 ,4.5,
H9104 ,Not enough data available,N/A
H9147 ,Plan too new to be measured,N/A
H9153 ,Not enough data available,N/A
H9191 ,Plan too new to be measured,N/A
H9207 ,3.5,
H9219 ,Plan too new to be measured,N/A
H9258 ,Plan too new to be measured,N/A
H9276 ,3,
H9302 ,3.5,
H9335 ,Plan too new to be measured,N/A
H9364 ,Plan too new to be measured,N/A
H9387 ,Plan too new to be measured,N/A
H9403 ,Not enough data available,N/A
H9408 ,3.5,
H9412 ,Not enough data available,N/A
H9428 ,Plan too new to be measured,N/A
H9431 ,Plan too new to be measured,N/A
H9455 ,Plan too new to be measured,N/A
H9460 ,3,
H9487 ,Not enough data available,N/A
H9489 ,Plan too new to be measured,N/A
H9516 ,Plan too new to be measured,N/A
H9525 ,3.5,
H9572 ,3.5,
H9576 ,Not enough data available,N/A
H9585 ,Not enough data available,N/A
H9589 ,Not enough data available,N/A
H9590 ,Plan too new to be measured,N/A
H9615 ,4,
H9630 ,3.5,
H9662 ,Plan too new to be measured,N/A
H9686 ,Plan too new to be measured,N/A
H9699 ,3,
H9706 ,Plan too new to be measured,N/A
H9712 ,Not enough data available,N/A
H9725 ,4.5,
H9730 ,3.5,
H9808 ,3.5,
H9811 ,Not enough data available,N/A
H9826 ,Plan too new to be measured,N/A
H9834 ,5,
H9861 ,Plan too new to be measured,N/A
H9869 ,Not enough data available,N/A
H9870 ,3,
H9877 ,2.5,
H9878 ,Plan too new to be measured,N/A
H9909 ,Plan too new to be measured,N/A
H9917 ,Plan too new to be measured,N/A
H9942 ,Plan too new to be measured,N/A
H9952 ,Plan too new to be measured,N/A
H9955 ,Plan too new to be measured,N/A
R0110 ,3,
R0759 ,3.5,
R0802 ,Plan too new to be measured,N/A
R0865 ,3.5,
R0923 ,3.5,
R1390 ,3.5,
R1532 ,3,
R1548 ,4,
R2604 ,3.5,
R3175 ,3.5,
R3332 ,3.5,
R3392 ,3.5,
R3444 ,3.5,
R3887 ,3.5,
R4182 ,3.5,
R4487 ,3.5,
R4845 ,3,
R5329 ,4,
R5342 ,4,
R5361 ,3.5,
R5495 ,3,
R5826 ,3.5,
R5941 ,3.5,
R6694 ,3.5,
R6801 ,3.5,
R7220 ,3,
R7315 ,3.5,
R7444 ,3.5,
S0586 ,Not Applicable,N/A
S0655 ,Not Applicable,N/A
S1030 ,Not Applicable,N/A
S1140 ,Not Applicable,N/A
S1822 ,Not Applicable,N/A
S1894 ,Not Applicable,N/A
S2465 ,Not Applicable,N/A
S2468 ,Not Applicable,N/A
S2668 ,Not Applicable,N/A
S2874 ,Not Applicable,N/A
S2893 ,Not Applicable,N/A
S3285 ,Not Applicable,N/A
S3375 ,Not Applicable,N/A
S3389 ,Not Applicable,N/A
S3521 ,Not Applicable,N/A
S3535 ,Not Applicable,N/A
S3875 ,Not Applicable,N/A
S3994 ,Not Applicable,N/A
S4219 ,Not Applicable,N/A
S4501 ,Not Applicable,N/A
S4802 ,Not Applicable,N/A
S5450 ,Not Applicable,N/A
S5540 ,Not Applicable,N/A
S5552 ,Not Applicable,N/A
S5584 ,Not Applicable,N/A
S5588 ,Not Applicable,N/A
S5593 ,Not Applicable,N/A
S5596 ,Not Applicable,N/A
S5601 ,Not Applicable,N/A
S5609 ,Not Applicable,N/A
S5617 ,Not Applicable,N/A
S5660 ,Not Applicable,N/A
S5715 ,Not Applicable,N/A
S5726 ,Not Applicable,N/A
S5743 ,Not Applicable,N/A
S5753 ,Not Applicable,N/A
S5768 ,Not Applicable,N/A
S5795 ,Not Applicable,N/A
S5805 ,Not Applicable,N/A
S5810 ,Not Applicable,N/A
S5820 ,Not Applicable,N/A
S5857 ,Not Applicable,N/A
S5877 ,Not Applicable,N/A
S5884 ,Not Applicable,N/A
S5904 ,Not Applicable,N/A
S5916 ,Not Applicable,N/A
S5921 ,Not Applicable,N/A
S5953 ,Not Applicable,N/A
S5960 ,Not Applicable,N/A
S5966 ,Not Applicable,N/A
S5975 ,Not Applicable,N/A
S5983 ,Not Applicable,N/A
S5993 ,Not Applicable,N/A
S6506 ,Not Applicable,N/A
S6875 ,Not Applicable,N/A
S6946 ,Not Applicable,N/A
S7126 ,Not Applicable,N/A
S7694 ,Not Applicable,N/A
S8067 ,Not Applicable,N/A
S8182 ,Not Applicable,N/A
S8677 ,Not Applicable,N/A
S8841 ,Not Applicable,N/A
S9325 ,Not Applicable,N/A
S9701 ,Not Applicable,N/A
