Contract Number,2024 Overall
E3014,Not Applicable
H0022,Not enough data available
H0028,4
H0034,Not enough data available
H0074,2.5
H0088,2
H0104,4
H0107,3.5
H0111,2.5
H0137,Not enough data available
H0154,5
H0169,5
H0174,3
H0192,Not enough data available
H0251,4
H0270,3
H0271,4
H0292,5
H0294,3.5
H0302,4
H0321,3.5
H0332,5
H0336,Not enough data available
H0342,Not enough data available
H0351,3
H0354,4
H0363,Not enough data available
H0422,3.5
H0423,3.5
H0432,4
H0439,3.5
H0473,3.5
H0480,Not enough data available
H0482,3
H0504,3.5
H0523,2.5
H0524,4
H0543,3.5
H0544,3
H0562,3
H0571,3
H0609,4.5
H0624,4
H0628,4
H0630,4.5
H0672,3
H0710,5
H0712,3
H0724,2.5
H0738,Plan too new to be measured
H0755,3.5
H0764,Plan too new to be measured
H0783,Not enough data available
H0838,2.5
H0876,Not enough data available
H0885,3.5
H0907,3.5
H0908,2.5
H0913,3.5
H0927,Not enough data available
H0969,3
H0978,3
H0982,3.5
H1016,3.5
H1019,4
H1032,3.5
H1035,4
H1036,5
H1045,4.5
H1099,4
H1109,4
H1112,3
H1119,Not enough data available
H1170,3.5
H1181,Not Applicable
H1189,3
H1215,3
H1224,Plan too new to be measured
H1225,3
H1230,4
H1248,4
H1277,Not enough data available
H1278,3.5
H1290,5
H1302,Not enough data available
H1304,3.5
H1347,Plan too new to be measured
H1350,4.5
H1352,4
H1353,2.5
H1360,3.5
H1365,4.5
H1372,Not enough data available
H1395,2.5
H1416,3
H1423,3
H1426,Not enough data available
H1463,4
H1468,4.5
H1537,5
H1587,Not enough data available
H1607,3.5
H1608,4
H1609,3.5
H1610,4
H1644,3
H1651,Not Applicable
H1659,4
H1664,3
H1666,3
H1692,4
H1722,Not enough data available
H1723,Not enough data available
H1732,2.5
H1737,4
H1748,Not enough data available
H1774,Not enough data available
H1787,Not enough data available
H1799,3
H1822,2.5
H1846,4
H1848,2.5
H1862,Not enough data available
H1889,4.5
H1894,3
H1914,3
H1944,3.5
H1947,3.5
H1951,4.5
H1961,5
H1969,3.5
H1977,Not enough data available
H1993,3
H1994,5
H1997,3
H2001,4.5
H2029,Not enough data available
H2032,3.5
H2034,Not enough data available
H2056,3
H2108,3
H2117,2.5
H2128,2.5
H2134,3
H2162,Not enough data available
H2168,3.5
H2171,3
H2172,3.5
H2174,3
H2185,Not enough data available
H2224,3.5
H2225,4
H2226,4.5
H2230,3.5
H2235,4.5
H2237,3.5
H2246,Plan too new to be measured
H2247,4
H2256,4.5
H2261,3.5
H2272,Plan too new to be measured
H2292,5
H2293,Plan too new to be measured
H2320,4.5
H2322,4.5
H2354,4
H2392,Not enough data available
H2400,3
H2406,4
H2416,4.5
H2417,Not enough data available
H2419,4.5
H2422,3.5
H2425,4
H2450,4
H2456,4
H2458,3.5
H2459,4.5
H2461,4.5
H2462,Not enough data available
H2463,4
H2478,Plan too new to be measured
H2486,3.5
H2491,3
H2506,Not enough data available
H2509,Plan too new to be measured
H2526,Plan too new to be measured
H2531,Not enough data available
H2533,Not enough data available
H2563,3
H2577,3.5
H2582,3.5
H2591,Not enough data available
H2593,2.5
H2610,5
H2624,4.5
H2663,4.5
H2686,Plan too new to be measured
H2694,Not enough data available
H2697,5
H2715,Plan too new to be measured
H2722,Not enough data available
H2737,3
H2752,Not enough data available
H2765,3.5
H2775,3
H2782,2.5
H2802,4
H2816,4
H2836,3
H2853,3
H2879,3
H2915,3.5
H2923,Plan too new to be measured
H2926,Not enough data available
H2942,Plan too new to be measured
H2944,3.5
H2960,3.5
H2962,4
H3015,Not enough data available
H3041,Plan too new to be measured
H3047,3
H3071,2.5
H3080,Plan too new to be measured
H3113,3.5
H3146,4
H3152,3.5
H3170,3
H3186,Not enough data available
H3189,Plan too new to be measured
H3192,3.5
H3204,3
H3206,2.5
H3219,4.5
H3239,4
H3240,3
H3251,3
H3256,4.5
H3259,4
H3276,3
H3288,3.5
H3291,Not enough data available
H3305,4.5
H3307,3
H3312,3.5
H3330,3
H3335,4.5
H3342,Not enough data available
H3344,5
H3347,3.5
H3351,4
H3359,4
H3362,5
H3379,4
H3384,4
H3387,3.5
H3388,4.5
H3404,4.5
H3407,Not enough data available
H3416,4.5
H3418,3
H3419,Not enough data available
H3443,3.5
H3447,3.5
H3449,4
H3467,Not enough data available
H3471,3
H3499,3
H3528,3.5
H3533,3
H3536,3.5
H3554,3.5
H3557,4.5
H3561,3
H3597,4
H3653,4
H3655,3.5
H3660,4.5
H3664,5
H3668,4.5
H3672,4
H3706,4.5
H3708,Not enough data available
H3727,Not enough data available
H3748,3.5
H3749,3.5
H3755,4
H3777,4.5
H3794,4.5
H3800,3
H3805,4
H3810,3
H3811,3
H3813,3
H3814,3
H3815,4
H3817,3.5
H3822,2.5
H3832,4
H3864,3.5
H3890,3
H3907,5
H3909,4.5
H3916,4.5
H3923,4
H3924,4
H3928,4
H3931,4
H3949,3.5
H3952,4
H3954,4
H3957,5
H3959,4.5
H3962,4
H3975,3.5
H3979,4
H4003,4
H4004,4.5
H4005,4
H4007,4.5
H4036,3.5
H4045,Plan too new to be measured
H4054,Not enough data available
H4073,3
H4091,Not enough data available
H4093,Not enough data available
H4094,3
H4140,3.5
H4141,4
H4152,4.5
H4161,Plan too new to be measured
H4172,5
H4198,Not enough data available
H4213,3.5
H4227,3.5
H4232,Not enough data available
H4277,Plan too new to be measured
H4279,4.5
H4286,5
H4343,3
H4346,3
H4407,4
H4461,5
H4490,Not enough data available
H4497,4.5
H4506,3
H4513,4
H4514,4
H4523,4
H4527,4.5
H4537,Not enough data available
H4544,3
H4604,4.5
H4605,4
H4623,4
H4624,3
H4676,2.5
H4699,2.5
H4711,3
H4733,Plan too new to be measured
H4739,Not enough data available
H4754,3.5
H4801,3
H4808,Plan too new to be measured
H4835,3
H4847,3
H4863,Plan too new to be measured
H4868,3
H4869,Plan too new to be measured
H4875,4.5
H4882,4.5
H4909,3
H4931,3.5
H4937,3.5
H4943,Plan too new to be measured
H4961,3
H4982,3
H5008,3.5
H5009,3
H5010,4
H5015,4
H5042,4.5
H5050,3.5
H5087,3
H5106,4.5
H5117,Not enough data available
H5140,3.5
H5141,3
H5199,3
H5209,4
H5211,4
H5215,5
H5216,4.5
H5253,4.5
H5256,Not Applicable
H5262,4.5
H5264,Not Applicable
H5273,4
H5280,Not enough data available
H5294,3
H5296,4.5
H5299,Plan too new to be measured
H5302,4
H5322,4
H5325,4
H5374,3
H5377,Not enough data available
H5386,4.5
H5398,3.5
H5410,4.5
H5420,5
H5422,3
H5425,3.5
H5427,4.5
H5431,4.5
H5433,3
H5434,3.5
H5435,3
H5439,2.5
H5447,Not enough data available
H5454,Not enough data available
H5471,5
H5472,Plan too new to be measured
H5475,2.5
H5496,3
H5521,4
H5522,4.5
H5525,4
H5526,4
H5533,5
H5549,3
H5577,5
H5580,3.5
H5587,3.5
H5590,3
H5591,4.5
H5593,4.5
H5594,5
H5599,3
H5608,3.5
H5619,4
H5628,3
H5649,3.5
H5652,5
H5703,Not enough data available
H5774,4.5
H5779,3
H5793,4
H5810,2.5
H5823,2.5
H5826,3.5
H5828,3.5
H5843,3.5
H5852,3
H5854,4
H5859,3.5
H5883,4
H5900,3.5
H5926,2.5
H5928,3.5
H5932,4
H5937,3.5
H5938,4.5
H5943,3
H5945,3.5
H5959,4.5
H5965,Not enough data available
H5969,3
H5970,3.5
H5989,3.5
H5991,3
H5992,Not enough data available
H5995,3
H6018,Plan too new to be measured
H6019,Plan too new to be measured
H6067,2.5
H6078,4
H6080,Not enough data available
H6154,3
H6158,3.5
H6193,Not enough data available
H6200,Plan too new to be measured
H6202,4.5
H6237,3.5
H6306,4.5
H6316,Not enough data available
H6322,Not enough data available
H6328,3.5
H6345,4
H6348,3
H6351,Not enough data available
H6378,Plan too new to be measured
H6379,Not enough data available
H6396,4
H6399,3
H6408,Plan too new to be measured
H6446,3
H6453,4.5
H6502,3.5
H6526,3
H6529,Not enough data available
H6545,Plan too new to be measured
H6550,3
H6586,Plan too new to be measured
H6594,3
H6595,4
H6605,2
H6622,4
H6678,3
H6706,Not enough data available
H6713,2.5
H6723,4.5
H6743,2.5
H6750,3.5
H6765,Plan too new to be measured
H6776,Not enough data available
H6813,Plan too new to be measured
H6815,3
H6830,Not enough data available
H6832,Not enough data available
H6847,Plan too new to be measured
H6851,Not enough data available
H6852,Plan too new to be measured
H6870,Not enough data available
H6874,Not enough data available
H6891,Not enough data available
H6898,3.5
H6910,3.5
H6959,Not enough data available
H6975,2.5
H6988,3.5
H7006,3
H7020,4
H7028,Plan too new to be measured
H7063,4
H7074,Not enough data available
H7093,3
H7115,3
H7123,3.5
H7147,Plan too new to be measured
H7149,4
H7151,3.5
H7163,Not enough data available
H7165,Not enough data available
H7169,2.5
H7172,Not enough data available
H7175,2.5
H7199,Plan too new to be measured
H7220,4
H7245,3
H7273,Not enough data available
H7284,4
H7301,4
H7323,2.5
H7326,3.5
H7330,2.5
H7360,Not enough data available
H7379,3.5
H7389,Not enough data available
H7399,3
H7404,3.5
H7419,Not enough data available
H7464,3.5
H7511,Not enough data available
H7512,3
H7518,3
H7522,4
H7557,Not enough data available
H7559,2.5
H7605,Plan too new to be measured
H7607,3
H7617,5
H7621,3.5
H7646,4.5
H7670,Not enough data available
H7678,2.5
H7680,4
H7746,Not enough data available
H7778,Plan too new to be measured
H7779,Not enough data available
H7787,3
H7833,Not enough data available
H7844,Not enough data available
H7849,3
H7917,4.5
H7925,3.5
H7993,4.5
H8003,4
H8010,3
H8019,4.5
H8026,Not enough data available
H8046,Not enough data available
H8064,Not enough data available
H8067,Not enough data available
H8070,Plan too new to be measured
H8093,4
H8095,Not enough data available
H8121,Not enough data available
H8133,3.5
H8142,4
H8145,4
H8166,4
H8173,4
H8176,3.5
H8181,4
H8189,3.5
H8197,Not enough data available
H8211,3.5
H8213,Not enough data available
H8225,2.5
H8293,Not enough data available
H8298,3.5
H8330,4.5
H8332,3
H8379,4
H8385,4.5
H8432,3
H8452,Not enough data available
H8457,Not enough data available
H8458,Not enough data available
H8492,Not enough data available
H8547,Not enough data available
H8552,2.5
H8553,2.5
H8554,3
H8578,3
H8597,3.5
H8604,4
H8634,3
H8649,3.5
H8764,3
H8768,4
H8783,4.5
H8786,Not enough data available
H8797,Not enough data available
H8845,Not enough data available
H8849,3
H8854,3.5
H8889,4
H8894,Plan too new to be measured
H8902,Plan too new to be measured
H8908,3.5
H8928,4
H8967,Not enough data available
H8998,Plan too new to be measured
H9001,4
H9003,3.5
H9042,Not enough data available
H9047,3.5
H9065,3.5
H9066,Not enough data available
H9096,4.5
H9147,2.5
H9153,5
H9191,3.5
H9207,3.5
H9219,3.5
H9231,Plan too new to be measured
H9239,Not enough data available
H9258,Not enough data available
H9306,2.5
H9335,3
H9357,2.5
H9364,3.5
H9387,2.5
H9414,Not enough data available
H9428,2.5
H9431,3
H9460,3.5
H9469,Plan too new to be measured
H9485,Plan too new to be measured
H9489,Not enough data available
H9525,4
H9572,4
H9576,Not enough data available
H9585,4
H9590,Not enough data available
H9614,Not enough data available
H9615,3.5
H9630,3.5
H9678,Plan too new to be measured
H9686,3.5
H9699,4
H9706,3
H9712,Not enough data available
H9725,4.5
H9730,3.5
H9761,2.5
H9763,4
H9808,4
H9811,2.5
H9826,Not enough data available
H9827,Not enough data available
H9834,5
H9861,Not enough data available
H9869,Not enough data available
H9876,Not enough data available
H9884,Not enough data available
H9888,Plan too new to be measured
H9900,2
H9904,Not enough data available
H9907,Plan too new to be measured
H9909,Not enough data available
H9917,Not enough data available
H9942,3
H9943,Plan too new to be measured
H9952,3.5
H9955,3
H9976,2
H9986,Not enough data available
R0110,4.5
R0759,3.5
R0865,4
R0923,4
R1390,3.5
R1532,3
R2604,4
R3175,3
R3332,3.5
R3392,4
R3444,3.5
R3887,4
R4182,3.5
R4487,3.5
R4845,3
R5329,3.5
R5342,3.5
R5361,4
R5495,4
R5826,3.5
R5941,3.5
R6694,4
R6801,3.5
R7220,3
R7315,3.5
R7444,3.5
S0586,Not Applicable
S0655,Not Applicable
S1030,Not Applicable
S1140,Not Applicable
S1822,Not Applicable
S2465,Not Applicable
S2468,Not Applicable
S2668,Not Applicable
S2874,Not Applicable
S2893,Not Applicable
S3285,Not Applicable
S3389,Not Applicable
S3521,Not Applicable
S4219,Not Applicable
S4501,Not Applicable
S4802,Not Applicable
S5540,Not Applicable
S5552,Not Applicable
S5584,Not Applicable
S5593,Not Applicable
S5596,Not Applicable
S5601,Not Applicable
S5609,Not Applicable
S5617,Not Applicable
S5660,Not Applicable
S5715,Not Applicable
S5726,Not Applicable
S5743,Not Applicable
S5795,Not Applicable
S5805,Not Applicable
S5820,Not Applicable
S5857,Not Applicable
S5877,Not Applicable
S5884,Not Applicable
S5904,Not Applicable
S5916,Not Applicable
S5921,Not Applicable
S5953,Not Applicable
S5960,Not Applicable
S5966,Not Applicable
S5975,Not Applicable
S5993,Not Applicable
S6506,Not Applicable
S6875,Not Applicable
S6946,Not Applicable
S7126,Not Applicable
S7694,Not Applicable
S8067,Not Applicable
S8841,Not Applicable
S9701,Not Applicable
