Contract Number,2023 Overall
E3014 ,Not Applicable
E4744 ,Not Applicable
H0022 ,Not enough data available
H0028 ,4
H0029 ,Not enough data available
H0034 ,Not enough data available
H0062 ,3.5
H0074 ,Not enough data available
H0088 ,Not enough data available
H0104 ,4.5
H0107 ,4
H0111 ,2.5
H0137 ,Not enough data available
H0154 ,5
H0169 ,4.5
H0174 ,2.5
H0192 ,Not enough data available
H0251 ,4.5
H0270 ,Not enough data available
H0271 ,4
H0292 ,5
H0294 ,4.5
H0302 ,3.5
H0321 ,4
H0332 ,5
H0336 ,Not enough data available
H0342 ,Not enough data available
H0351 ,2.5
H0354 ,4
H0363 ,Not enough data available
H0422 ,Not enough data available
H0423 ,4
H0432 ,4
H0439 ,3
H0473 ,4.5
H0480 ,Not enough data available
H0482 ,Not enough data available
H0504 ,4
H0523 ,3.5
H0524 ,5
H0543 ,4
H0544 ,3
H0562 ,3
H0571 ,3
H0609 ,3.5
H0624 ,4
H0628 ,4
H0630 ,5
H0672 ,2.5
H0710 ,5
H0712 ,3
H0724 ,3
H0738 ,Plan too new to be measured
H0755 ,4
H0764 ,Plan too new to be measured
H0783 ,Not enough data available
H0798 ,Not enough data available
H0826 ,Plan too new to be measured
H0838 ,3
H0876 ,Plan too new to be measured
H0885 ,4
H0907 ,Not enough data available
H0908 ,3
H0913 ,3.5
H0927 ,Not enough data available
H0969 ,3
H0978 ,Plan too new to be measured
H0982 ,3.5
H1016 ,4
H1019 ,4
H1032 ,3
H1035 ,3.5
H1036 ,4.5
H1045 ,3.5
H1099 ,4
H1109 ,3.5
H1111 ,3.5
H1112 ,2.5
H1119 ,Not enough data available
H1170 ,5
H1181 ,Not Applicable
H1189 ,4
H1215 ,Plan too new to be measured
H1224 ,Plan too new to be measured
H1225 ,3
H1230 ,5
H1248 ,4.5
H1277 ,Not enough data available
H1278 ,4
H1280 ,Plan too new to be measured
H1290 ,4.5
H1302 ,Not enough data available
H1304 ,3.5
H1347 ,Plan too new to be measured
H1350 ,3.5
H1352 ,4
H1353 ,2.5
H1360 ,3
H1365 ,4.5
H1372 ,Not enough data available
H1375 ,2.5
H1395 ,Plan too new to be measured
H1415 ,3.5
H1416 ,2.5
H1423 ,3
H1426 ,Not enough data available
H1463 ,4
H1468 ,4.5
H1537 ,5
H1587 ,Not enough data available
H1607 ,4
H1608 ,3.5
H1609 ,4
H1610 ,3.5
H1644 ,Not enough data available
H1651 ,Not Applicable
H1659 ,3.5
H1664 ,2.5
H1666 ,3.5
H1692 ,3.5
H1722 ,Not enough data available
H1723 ,Not enough data available
H1732 ,2.5
H1737 ,4
H1748 ,Not enough data available
H1774 ,Not enough data available
H1777 ,Not enough data available
H1787 ,Not enough data available
H1799 ,Plan too new to be measured
H1821 ,3.5
H1822 ,Plan too new to be measured
H1846 ,Not enough data available
H1848 ,Not enough data available
H1862 ,Not enough data available
H1889 ,4
H1894 ,2.5
H1914 ,2.5
H1924 ,Not Applicable
H1944 ,4
H1947 ,3
H1951 ,5
H1961 ,5
H1969 ,4
H1977 ,Not enough data available
H1993 ,Not enough data available
H1994 ,5
H1997 ,4
H2001 ,5
H2029 ,Not enough data available
H2032 ,4.5
H2034 ,Not enough data available
H2056 ,3
H2108 ,3
H2117 ,Plan too new to be measured
H2128 ,Plan too new to be measured
H2134 ,2
H2162 ,Not enough data available
H2168 ,3.5
H2171 ,3.5
H2172 ,5
H2174 ,3
H2185 ,Not enough data available
H2196 ,3.5
H2224 ,3
H2225 ,4.5
H2226 ,4
H2228 ,4
H2230 ,4
H2235 ,4.5
H2237 ,4
H2246 ,Plan too new to be measured
H2247 ,3.5
H2256 ,5
H2261 ,4
H2272 ,Plan too new to be measured
H2292 ,5
H2293 ,Plan too new to be measured
H2320 ,5
H2322 ,4
H2334 ,Not enough data available
H2354 ,4.5
H2392 ,Not enough data available
H2400 ,Not enough data available
H2406 ,3.5
H2416 ,4
H2417 ,Not enough data available
H2419 ,4
H2422 ,4
H2425 ,5
H2450 ,4.5
H2456 ,3.5
H2458 ,4
H2459 ,4.5
H2461 ,4.5
H2462 ,Not enough data available
H2463 ,3
H2478 ,Plan too new to be measured
H2486 ,4
H2491 ,3.5
H2506 ,Not enough data available
H2509 ,Plan too new to be measured
H2526 ,Plan too new to be measured
H2531 ,Not enough data available
H2533 ,Not enough data available
H2563 ,4
H2577 ,3
H2582 ,4
H2591 ,Not enough data available
H2593 ,3.5
H2610 ,5
H2624 ,Not enough data available
H2663 ,4
H2686 ,Plan too new to be measured
H2694 ,Plan too new to be measured
H2697 ,5
H2715 ,Plan too new to be measured
H2722 ,Not enough data available
H2737 ,Plan too new to be measured
H2752 ,Plan too new to be measured
H2765 ,3.5
H2775 ,2.5
H2782 ,3
H2793 ,2.5
H2802 ,4.5
H2816 ,3
H2825 ,3
H2836 ,3
H2853 ,Not enough data available
H2879 ,3
H2915 ,2.5
H2923 ,Plan too new to be measured
H2926 ,Not enough data available
H2942 ,Plan too new to be measured
H2944 ,3.5
H2960 ,4
H2962 ,3.5
H2986 ,3.5
H3015 ,Not enough data available
H3041 ,Plan too new to be measured
H3047 ,2
H3071 ,3
H3080 ,Plan too new to be measured
H3113 ,4
H3132 ,4
H3146 ,4
H3152 ,3.5
H3170 ,4
H3186 ,Plan too new to be measured
H3189 ,Plan too new to be measured
H3192 ,3.5
H3204 ,3.5
H3206 ,3
H3219 ,4
H3239 ,4
H3240 ,3.5
H3251 ,3
H3256 ,4
H3259 ,4
H3274 ,Plan too new to be measured
H3276 ,2.5
H3281 ,Not enough data available
H3288 ,3.5
H3291 ,Not enough data available
H3305 ,5
H3307 ,3.5
H3312 ,3.5
H3330 ,3
H3335 ,4
H3342 ,Not enough data available
H3344 ,5
H3347 ,3.5
H3351 ,5
H3359 ,3.5
H3362 ,5
H3379 ,4
H3384 ,4
H3387 ,4
H3388 ,5
H3404 ,4.5
H3407 ,Not enough data available
H3416 ,4.5
H3418 ,3.5
H3419 ,Not enough data available
H3442 ,3
H3443 ,Plan too new to be measured
H3447 ,4
H3449 ,4.5
H3464 ,3.5
H3467 ,Not enough data available
H3471 ,3
H3499 ,3
H3528 ,3.5
H3533 ,4
H3536 ,3
H3554 ,3.5
H3557 ,5
H3561 ,3
H3597 ,4
H3632 ,Not enough data available
H3653 ,4.5
H3655 ,4
H3660 ,5
H3664 ,5
H3668 ,4.5
H3672 ,4.5
H3706 ,4.5
H3708 ,Not enough data available
H3727 ,Not enough data available
H3748 ,3
H3749 ,4.5
H3755 ,4
H3777 ,4.5
H3794 ,4.5
H3800 ,4
H3805 ,3.5
H3810 ,3.5
H3811 ,3.5
H3813 ,3.5
H3814 ,3
H3815 ,4
H3817 ,4
H3822 ,3.5
H3828 ,Plan too new to be measured
H3832 ,3.5
H3864 ,3.5
H3890 ,3
H3907 ,5
H3909 ,4
H3916 ,5
H3923 ,4.5
H3924 ,4.5
H3928 ,3.5
H3931 ,3.5
H3949 ,3
H3952 ,5
H3954 ,4.5
H3957 ,5
H3959 ,4.5
H3962 ,4
H3975 ,2.5
H3979 ,3.5
H4003 ,4
H4004 ,4.5
H4005 ,3.5
H4007 ,4.5
H4036 ,4.5
H4045 ,Plan too new to be measured
H4054 ,Plan too new to be measured
H4073 ,Plan too new to be measured
H4091 ,Not enough data available
H4093 ,Not enough data available
H4094 ,3
H4140 ,4
H4141 ,4
H4152 ,5
H4161 ,Plan too new to be measured
H4172 ,Not enough data available
H4198 ,Not enough data available
H4213 ,3.5
H4227 ,3.5
H4232 ,Not enough data available
H4277 ,Plan too new to be measured
H4279 ,4.5
H4286 ,Plan too new to be measured
H4304 ,3.5
H4343 ,Not enough data available
H4346 ,2.5
H4407 ,4.5
H4461 ,5
H4490 ,Not enough data available
H4497 ,5
H4506 ,4
H4513 ,5
H4514 ,4.5
H4523 ,3.5
H4527 ,4.5
H4537 ,Plan too new to be measured
H4544 ,3.5
H4590 ,5
H4604 ,4.5
H4605 ,4
H4620 ,Plan too new to be measured
H4623 ,4
H4624 ,Not enough data available
H4675 ,3
H4676 ,3
H4699 ,Not enough data available
H4709 ,Not enough data available
H4711 ,3
H4733 ,Plan too new to be measured
H4739 ,Plan too new to be measured
H4754 ,3.5
H4801 ,Plan too new to be measured
H4808 ,Plan too new to be measured
H4829 ,2.5
H4835 ,3.5
H4847 ,3
H4863 ,Plan too new to be measured
H4868 ,3
H4869 ,Plan too new to be measured
H4875 ,4.5
H4882 ,5
H4909 ,3
H4922 ,Not enough data available
H4931 ,3
H4937 ,3.5
H4943 ,Plan too new to be measured
H4961 ,3.5
H4982 ,3
H5008 ,4
H5009 ,4
H5010 ,3.5
H5015 ,4
H5042 ,5
H5050 ,4.5
H5087 ,3
H5106 ,5
H5117 ,2.5
H5140 ,3.5
H5141 ,3.5
H5178 ,Not enough data available
H5190 ,3
H5199 ,2
H5209 ,4
H5211 ,4.5
H5215 ,5
H5216 ,4.5
H5232 ,Not enough data available
H5253 ,4.5
H5256 ,Not Applicable
H5262 ,5
H5264 ,Not Applicable
H5273 ,4
H5280 ,Not enough data available
H5294 ,3.5
H5296 ,5
H5299 ,Plan too new to be measured
H5302 ,3
H5322 ,5
H5325 ,4
H5372 ,Plan too new to be measured
H5373 ,Not enough data available
H5374 ,Not enough data available
H5377 ,Not enough data available
H5386 ,5
H5398 ,Not enough data available
H5410 ,4.5
H5420 ,4.5
H5422 ,3
H5425 ,4.5
H5427 ,4.5
H5430 ,2.5
H5431 ,5
H5433 ,3
H5434 ,3.5
H5435 ,3
H5439 ,3
H5447 ,Not enough data available
H5454 ,Not enough data available
H5471 ,4.5
H5472 ,Plan too new to be measured
H5475 ,2.5
H5496 ,2.5
H5521 ,3.5
H5522 ,4.5
H5525 ,4
H5526 ,5
H5528 ,Not enough data available
H5533 ,5
H5549 ,4.5
H5576 ,4.5
H5577 ,4
H5580 ,3
H5587 ,4
H5590 ,3.5
H5591 ,5
H5593 ,4
H5594 ,5
H5599 ,3.5
H5608 ,3.5
H5619 ,4
H5628 ,3
H5644 ,Not enough data available
H5649 ,3.5
H5652 ,5
H5703 ,Not enough data available
H5746 ,2.5
H5774 ,4
H5779 ,2.5
H5793 ,3.5
H5810 ,3
H5823 ,3
H5826 ,2.5
H5828 ,3.5
H5843 ,Not enough data available
H5852 ,4
H5854 ,3
H5859 ,3.5
H5883 ,4.5
H5900 ,Plan too new to be measured
H5926 ,3
H5928 ,3
H5932 ,4
H5937 ,4
H5938 ,4.5
H5943 ,3.5
H5945 ,4
H5959 ,4.5
H5965 ,Not enough data available
H5969 ,2.5
H5970 ,4
H5989 ,3
H5991 ,3
H5992 ,Not enough data available
H5995 ,3
H6018 ,Plan too new to be measured
H6019 ,Plan too new to be measured
H6062 ,Plan too new to be measured
H6067 ,2.5
H6078 ,3.5
H6080 ,Not enough data available
H6154 ,3.5
H6158 ,3.5
H6193 ,Plan too new to be measured
H6200 ,Plan too new to be measured
H6202 ,4.5
H6207 ,Plan too new to be measured
H6237 ,4
H6306 ,4
H6316 ,Not enough data available
H6322 ,Plan too new to be measured
H6328 ,3.5
H6345 ,Not enough data available
H6348 ,Not enough data available
H6351 ,Not enough data available
H6378 ,Plan too new to be measured
H6379 ,Not enough data available
H6396 ,4
H6399 ,Not enough data available
H6408 ,Plan too new to be measured
H6446 ,2.5
H6453 ,4.5
H6502 ,4
H6526 ,2.5
H6528 ,3.5
H6529 ,Not enough data available
H6545 ,Plan too new to be measured
H6550 ,3
H6586 ,Plan too new to be measured
H6594 ,3
H6595 ,4
H6605 ,Plan too new to be measured
H6622 ,4.5
H6652 ,Not enough data available
H6672 ,Not enough data available
H6678 ,Plan too new to be measured
H6706 ,Not enough data available
H6713 ,2
H6723 ,5
H6743 ,3
H6750 ,4
H6765 ,Plan too new to be measured
H6776 ,Not enough data available
H6813 ,Plan too new to be measured
H6815 ,3
H6830 ,Not enough data available
H6832 ,Not enough data available
H6847 ,Plan too new to be measured
H6851 ,Plan too new to be measured
H6852 ,Plan too new to be measured
H6870 ,Not enough data available
H6874 ,Not enough data available
H6891 ,Not enough data available
H6898 ,3.5
H6910 ,3.5
H6936 ,3.5
H6959 ,Not enough data available
H6975 ,Not enough data available
H6988 ,3.5
H7006 ,4
H7020 ,4
H7028 ,Plan too new to be measured
H7063 ,3.5
H7074 ,Plan too new to be measured
H7076 ,Not enough data available
H7093 ,Plan too new to be measured
H7115 ,4
H7123 ,4
H7147 ,Plan too new to be measured
H7149 ,4
H7151 ,Plan too new to be measured
H7163 ,Not enough data available
H7165 ,Not enough data available
H7169 ,Plan too new to be measured
H7172 ,Not enough data available
H7175 ,2.5
H7199 ,Plan too new to be measured
H7220 ,4
H7245 ,3
H7273 ,Not enough data available
H7284 ,4
H7301 ,4
H7323 ,2.5
H7326 ,2.5
H7330 ,Not enough data available
H7360 ,Plan too new to be measured
H7379 ,Plan too new to be measured
H7389 ,Plan too new to be measured
H7399 ,Not enough data available
H7404 ,3.5
H7419 ,Not enough data available
H7445 ,2.5
H7464 ,4
H7511 ,Not enough data available
H7512 ,Plan too new to be measured
H7518 ,Not enough data available
H7522 ,4
H7524 ,Plan too new to be measured
H7556 ,Plan too new to be measured
H7557 ,Not enough data available
H7559 ,Not enough data available
H7598 ,Not enough data available
H7605 ,Plan too new to be measured
H7607 ,Not enough data available
H7617 ,Not enough data available
H7621 ,3
H7646 ,4.5
H7670 ,Plan too new to be measured
H7678 ,3.5
H7680 ,4
H7728 ,3.5
H7746 ,Plan too new to be measured
H7778 ,Plan too new to be measured
H7779 ,Not enough data available
H7787 ,3.5
H7813 ,Plan too new to be measured
H7833 ,Not enough data available
H7844 ,Not enough data available
H7849 ,3
H7917 ,5
H7925 ,Not enough data available
H7993 ,4.5
H8003 ,3
H8010 ,3.5
H8014 ,Plan too new to be measured
H8019 ,Not enough data available
H8026 ,Not enough data available
H8046 ,Not enough data available
H8064 ,Not enough data available
H8067 ,Not enough data available
H8070 ,Plan too new to be measured
H8087 ,3.5
H8093 ,4.5
H8095 ,Plan too new to be measured
H8121 ,Plan too new to be measured
H8130 ,2.5
H8133 ,3.5
H8142 ,5
H8145 ,4
H8166 ,Plan too new to be measured
H8173 ,4
H8176 ,3.5
H8181 ,4
H8189 ,3.5
H8197 ,Not enough data available
H8211 ,4
H8213 ,Not enough data available
H8225 ,3
H8229 ,Plan too new to be measured
H8244 ,Plan too new to be measured
H8293 ,Not enough data available
H8298 ,4
H8330 ,Plan too new to be measured
H8332 ,3.5
H8343 ,Not enough data available
H8379 ,4
H8384 ,Plan too new to be measured
H8385 ,Plan too new to be measured
H8390 ,Not enough data available
H8432 ,3.5
H8452 ,Not enough data available
H8457 ,Not enough data available
H8458 ,Plan too new to be measured
H8492 ,Not enough data available
H8547 ,Not enough data available
H8552 ,3
H8553 ,Not enough data available
H8554 ,Not enough data available
H8578 ,4
H8597 ,4
H8604 ,4.5
H8634 ,3.5
H8649 ,3
H8711 ,2.5
H8748 ,3.5
H8764 ,3.5
H8768 ,4
H8783 ,4
H8786 ,Not enough data available
H8797 ,Not enough data available
H8845 ,Not enough data available
H8849 ,3
H8854 ,3
H8889 ,4.5
H8894 ,Plan too new to be measured
H8902 ,Plan too new to be measured
H8908 ,3.5
H8928 ,Plan too new to be measured
H8961 ,Not enough data available
H8967 ,Not enough data available
H8998 ,Plan too new to be measured
H9001 ,4.5
H9003 ,4
H9042 ,Not enough data available
H9047 ,4
H9065 ,3.5
H9066 ,Not enough data available
H9070 ,3
H9082 ,2.5
H9096 ,5
H9104 ,Not enough data available
H9147 ,Not enough data available
H9153 ,Not enough data available
H9191 ,4
H9207 ,4
H9219 ,Not enough data available
H9231 ,Plan too new to be measured
H9239 ,Plan too new to be measured
H9258 ,Not enough data available
H9276 ,Not enough data available
H9302 ,3
H9306 ,Plan too new to be measured
H9335 ,Not enough data available
H9357 ,Plan too new to be measured
H9364 ,3.5
H9387 ,Not enough data available
H9403 ,Not enough data available
H9412 ,Not enough data available
H9414 ,Plan too new to be measured
H9428 ,Not enough data available
H9431 ,3
H9455 ,Not enough data available
H9460 ,3
H9469 ,Plan too new to be measured
H9485 ,Plan too new to be measured
H9489 ,Not enough data available
H9525 ,3.5
H9572 ,4.5
H9576 ,Not enough data available
H9585 ,4
H9589 ,Not enough data available
H9590 ,Not enough data available
H9614 ,Plan too new to be measured
H9615 ,4
H9630 ,3.5
H9662 ,Not enough data available
H9678 ,Plan too new to be measured
H9686 ,3.5
H9699 ,3
H9706 ,3
H9712 ,Not enough data available
H9725 ,4
H9730 ,3.5
H9761 ,Plan too new to be measured
H9763 ,Plan too new to be measured
H9808 ,5
H9811 ,3
H9826 ,Not enough data available
H9827 ,Plan too new to be measured
H9828 ,Plan too new to be measured
H9834 ,5
H9861 ,Not enough data available
H9869 ,Not enough data available
H9876 ,Plan too new to be measured
H9877 ,3.5
H9884 ,Plan too new to be measured
H9888 ,Plan too new to be measured
H9900 ,Plan too new to be measured
H9904 ,Plan too new to be measured
H9907 ,Plan too new to be measured
H9909 ,Not enough data available
H9917 ,Not enough data available
H9940 ,Plan too new to be measured
H9942 ,Not enough data available
H9943 ,Plan too new to be measured
H9952 ,3
H9955 ,3
H9976 ,Plan too new to be measured
H9986 ,Plan too new to be measured
R0110 ,4
R0759 ,3.5
R0865 ,4.5
R0923 ,4
R1390 ,3.5
R1532 ,4
R2604 ,4
R3175 ,3.5
R3332 ,3
R3392 ,4
R3444 ,3.5
R3887 ,4
R4182 ,4
R4487 ,4
R4845 ,3
R5329 ,4
R5342 ,4
R5361 ,4
R5495 ,4
R5826 ,3
R5941 ,4
R6694 ,4
R6801 ,4
R7220 ,3
R7315 ,3.5
R7444 ,3.5
S0156 ,Not Applicable
S0586 ,Not Applicable
S0655 ,Not Applicable
S1030 ,Not Applicable
S1140 ,Not Applicable
S1822 ,Not Applicable
S2465 ,Not Applicable
S2468 ,Not Applicable
S2668 ,Not Applicable
S2874 ,Not Applicable
S2893 ,Not Applicable
S3147 ,Not Applicable
S3285 ,Not Applicable
S3375 ,Not Applicable
S3389 ,Not Applicable
S3521 ,Not Applicable
S3875 ,Not Applicable
S3994 ,Not Applicable
S4219 ,Not Applicable
S4501 ,Not Applicable
S4802 ,Not Applicable
S5450 ,Not Applicable
S5540 ,Not Applicable
S5552 ,Not Applicable
S5584 ,Not Applicable
S5588 ,Not Applicable
S5593 ,Not Applicable
S5596 ,Not Applicable
S5601 ,Not Applicable
S5609 ,Not Applicable
S5617 ,Not Applicable
S5660 ,Not Applicable
S5715 ,Not Applicable
S5726 ,Not Applicable
S5743 ,Not Applicable
S5795 ,Not Applicable
S5805 ,Not Applicable
S5820 ,Not Applicable
S5857 ,Not Applicable
S5877 ,Not Applicable
S5884 ,Not Applicable
S5904 ,Not Applicable
S5916 ,Not Applicable
S5921 ,Not Applicable
S5953 ,Not Applicable
S5960 ,Not Applicable
S5966 ,Not Applicable
S5975 ,Not Applicable
S5993 ,Not Applicable
S6506 ,Not Applicable
S6875 ,Not Applicable
S6946 ,Not Applicable
S7126 ,Not Applicable
S7694 ,Not Applicable
S8067 ,Not Applicable
S8182 ,Not Applicable
S8841 ,Not Applicable
S9409 ,Not Applicable
S9701 ,Not Applicable
S9854 ,Not Applicable