Contract Number,2022 Overall
E0654 ,Not Applicable
E3014 ,Not Applicable
E4744 ,Not Applicable
H0022 ,Not enough data available
H0028 ,4.5
H0029 ,Not enough data available
H0034 ,Not enough data available
H0062 ,3.5
H0074 ,Plan too new to be measured
H0088 ,Not enough data available
H0104 ,4
H0107 ,4
H0111 ,3.5
H0137 ,Not enough data available
H0148 ,Not enough data available
H0154 ,5
H0169 ,5
H0174 ,3.5
H0192 ,Not enough data available
H0251 ,4
H0270 ,Not enough data available
H0271 ,4
H0292 ,5
H0294 ,5
H0302 ,3.5
H0321 ,4
H0332 ,5
H0336 ,Not enough data available
H0342 ,Plan too new to be measured
H0351 ,3
H0354 ,4.5
H0363 ,Plan too new to be measured
H0422 ,Not enough data available
H0423 ,3.5
H0432 ,4
H0439 ,4
H0473 ,4
H0480 ,Not enough data available
H0482 ,Plan too new to be measured
H0504 ,4
H0523 ,4
H0524 ,5
H0543 ,4
H0544 ,3.5
H0545 ,4
H0562 ,4
H0571 ,4
H0609 ,4.5
H0624 ,4
H0628 ,3.5
H0630 ,5
H0645 ,Not Applicable
H0672 ,Not enough data available
H0710 ,5
H0712 ,3.5
H0724 ,2.5
H0755 ,4
H0783 ,Plan too new to be measured
H0798 ,Not enough data available
H0826 ,Plan too new to be measured
H0838 ,3.5
H0876 ,Plan too new to be measured
H0885 ,Plan too new to be measured
H0907 ,Plan too new to be measured
H0908 ,3.5
H0913 ,3.5
H0927 ,Not enough data available
H0969 ,Not enough data available
H0978 ,Plan too new to be measured
H0982 ,4
H1016 ,4
H1019 ,5
H1032 ,4.5
H1035 ,4.5
H1036 ,4.5
H1045 ,4.5
H1099 ,4
H1109 ,3.5
H1111 ,4
H1112 ,3.5
H1119 ,Not enough data available
H1170 ,5
H1181 ,Not Applicable
H1189 ,3.5
H1205 ,Not enough data available
H1215 ,Plan too new to be measured
H1225 ,3.5
H1230 ,5
H1248 ,3.5
H1277 ,Not enough data available
H1278 ,4
H1280 ,Plan too new to be measured
H1290 ,4.5
H1302 ,Not enough data available
H1304 ,4
H1350 ,4
H1352 ,4.5
H1353 ,Not enough data available
H1360 ,Plan too new to be measured
H1365 ,5
H1372 ,Not enough data available
H1375 ,Not enough data available
H1395 ,Plan too new to be measured
H1415 ,4
H1416 ,3.5
H1423 ,Plan too new to be measured
H1426 ,4
H1436 ,3
H1463 ,4
H1468 ,4.5
H1537 ,5
H1587 ,Not enough data available
H1607 ,4
H1608 ,4
H1609 ,4.5
H1610 ,3.5
H1644 ,Not enough data available
H1651 ,Not Applicable
H1659 ,4
H1664 ,3
H1666 ,3.5
H1692 ,4
H1722 ,Not enough data available
H1723 ,Not enough data available
H1732 ,Plan too new to be measured
H1737 ,4
H1748 ,Plan too new to be measured
H1774 ,Plan too new to be measured
H1777 ,4.5
H1787 ,Not enough data available
H1799 ,Plan too new to be measured
H1821 ,Plan too new to be measured
H1822 ,Plan too new to be measured
H1846 ,4.5
H1848 ,Plan too new to be measured
H1862 ,Plan too new to be measured
H1889 ,4
H1894 ,3
H1914 ,3
H1924 ,Not Applicable
H1944 ,4
H1947 ,Not enough data available
H1951 ,5
H1961 ,5
H1969 ,4.5
H1977 ,Not enough data available
H1993 ,Plan too new to be measured
H1994 ,5
H1997 ,4.5
H2001 ,5
H2020 ,Not enough data available
H2029 ,Not enough data available
H2032 ,4.5
H2034 ,Not enough data available
H2056 ,3
H2108 ,3.5
H2117 ,Plan too new to be measured
H2128 ,Plan too new to be measured
H2134 ,Not enough data available
H2161 ,Not enough data available
H2162 ,Not enough data available
H2168 ,3.5
H2171 ,3.5
H2172 ,5
H2174 ,4
H2185 ,Not enough data available
H2196 ,Plan too new to be measured
H2224 ,4.5
H2225 ,5
H2226 ,5
H2228 ,4
H2230 ,4.5
H2235 ,5
H2237 ,4
H2241 ,3.5
H2247 ,4
H2256 ,5
H2261 ,4.5
H2288 ,Not enough data available
H2292 ,5
H2320 ,4.5
H2322 ,4.5
H2334 ,Not enough data available
H2354 ,4.5
H2392 ,Not enough data available
H2400 ,Not enough data available
H2406 ,4
H2416 ,5
H2417 ,Not enough data available
H2419 ,5
H2422 ,5
H2425 ,5
H2450 ,4
H2456 ,4.5
H2458 ,4.5
H2459 ,5
H2461 ,4.5
H2462 ,5
H2463 ,3.5
H2486 ,4
H2491 ,3.5
H2506 ,Not enough data available
H2531 ,Not enough data available
H2533 ,Not enough data available
H2563 ,4
H2577 ,3.5
H2582 ,4
H2591 ,Not enough data available
H2593 ,3.5
H2610 ,5
H2624 ,Not enough data available
H2663 ,4.5
H2678 ,Not enough data available
H2694 ,Plan too new to be measured
H2697 ,Plan too new to be measured
H2722 ,Not enough data available
H2737 ,Plan too new to be measured
H2752 ,Plan too new to be measured
H2765 ,Plan too new to be measured
H2775 ,4
H2782 ,Plan too new to be measured
H2793 ,Not enough data available
H2802 ,4.5
H2816 ,4
H2825 ,4
H2836 ,Not enough data available
H2853 ,Plan too new to be measured
H2879 ,3.5
H2915 ,3.5
H2926 ,Not enough data available
H2944 ,4
H2960 ,4
H2962 ,4
H2986 ,4.5
H3015 ,Plan too new to be measured
H3047 ,Plan too new to be measured
H3071 ,3
H3113 ,4.5
H3132 ,4.5
H3146 ,4
H3152 ,4
H3154 ,3.5
H3170 ,4.5
H3186 ,Plan too new to be measured
H3192 ,3
H3204 ,3.5
H3206 ,3.5
H3213 ,Plan too new to be measured
H3219 ,4.5
H3237 ,Not enough data available
H3239 ,3.5
H3240 ,3.5
H3251 ,3.5
H3256 ,Plan too new to be measured
H3259 ,4
H3274 ,Plan too new to be measured
H3276 ,3
H3281 ,Not enough data available
H3288 ,3
H3291 ,Not enough data available
H3293 ,3.5
H3305 ,4.5
H3307 ,3.5
H3312 ,3.5
H3330 ,3
H3335 ,4.5
H3342 ,Not enough data available
H3344 ,5
H3347 ,3.5
H3351 ,5
H3359 ,4
H3362 ,5
H3379 ,4
H3384 ,4.5
H3387 ,4
H3388 ,5
H3404 ,4.5
H3407 ,Not enough data available
H3416 ,5
H3418 ,3.5
H3419 ,Plan too new to be measured
H3442 ,3.5
H3443 ,Plan too new to be measured
H3447 ,3.5
H3449 ,4.5
H3464 ,3.5
H3467 ,Not enough data available
H3471 ,4
H3499 ,3.5
H3528 ,4
H3533 ,4
H3536 ,3.5
H3554 ,Plan too new to be measured
H3557 ,5
H3561 ,4
H3597 ,5
H3632 ,Not enough data available
H3653 ,4
H3655 ,4
H3660 ,4.5
H3664 ,5
H3668 ,4.5
H3672 ,4.5
H3706 ,4
H3708 ,Not enough data available
H3727 ,Plan too new to be measured
H3748 ,3.5
H3749 ,4
H3755 ,4
H3777 ,4
H3794 ,5
H3800 ,Not enough data available
H3805 ,4.5
H3810 ,3.5
H3811 ,4
H3813 ,3.5
H3814 ,3.5
H3815 ,4
H3817 ,4.5
H3822 ,3.5
H3832 ,4.5
H3864 ,4
H3890 ,3.5
H3907 ,5
H3909 ,4.5
H3916 ,5
H3923 ,4.5
H3924 ,4
H3928 ,4
H3931 ,4
H3949 ,4
H3952 ,5
H3954 ,4.5
H3957 ,5
H3959 ,4.5
H3962 ,4.5
H3975 ,Plan too new to be measured
H3979 ,3.5
H4003 ,4.5
H4004 ,4.5
H4005 ,4
H4007 ,4.5
H4036 ,4.5
H4054 ,Plan too new to be measured
H4073 ,Plan too new to be measured
H4091 ,Not enough data available
H4093 ,Not enough data available
H4094 ,3.5
H4140 ,3.5
H4141 ,4
H4152 ,5
H4172 ,5
H4198 ,3.5
H4213 ,3.5
H4227 ,4.5
H4232 ,Plan too new to be measured
H4279 ,4.5
H4286 ,Plan too new to be measured
H4304 ,Plan too new to be measured
H4343 ,Plan too new to be measured
H4346 ,3.5
H4388 ,Not Applicable
H4407 ,4.5
H4461 ,5
H4490 ,Not enough data available
H4497 ,5
H4506 ,4.5
H4513 ,4.5
H4514 ,4
H4523 ,3.5
H4527 ,4
H4537 ,Plan too new to be measured
H4544 ,Plan too new to be measured
H4590 ,5
H4604 ,4.5
H4605 ,4.5
H4623 ,4
H4624 ,Plan too new to be measured
H4675 ,Plan too new to be measured
H4676 ,Not enough data available
H4699 ,Plan too new to be measured
H4709 ,Not enough data available
H4711 ,3
H4739 ,Plan too new to be measured
H4754 ,3.5
H4801 ,Plan too new to be measured
H4829 ,Plan too new to be measured
H4835 ,3
H4847 ,3.5
H4853 ,3.5
H4868 ,3.5
H4875 ,4
H4882 ,5
H4909 ,4
H4922 ,4
H4931 ,3.5
H4937 ,Not enough data available
H4961 ,Not enough data available
H4982 ,3
H5008 ,4
H5009 ,4
H5010 ,5
H5015 ,Not enough data available
H5042 ,5
H5050 ,5
H5087 ,5
H5106 ,4.5
H5117 ,Not enough data available
H5126 ,Not enough data available
H5140 ,Not enough data available
H5141 ,3.5
H5172 ,Not enough data available
H5178 ,Not enough data available
H5190 ,3.5
H5199 ,3
H5209 ,5
H5211 ,4.5
H5215 ,5
H5216 ,4
H5232 ,Not enough data available
H5253 ,5
H5256 ,Not Applicable
H5262 ,5
H5264 ,Not Applicable
H5273 ,4.5
H5280 ,Not enough data available
H5294 ,4
H5296 ,Plan too new to be measured
H5302 ,4
H5322 ,4.5
H5325 ,4
H5355 ,Not enough data available
H5373 ,Plan too new to be measured
H5374 ,Plan too new to be measured
H5377 ,Not enough data available
H5386 ,5
H5398 ,Not enough data available
H5410 ,5
H5420 ,5
H5422 ,3.5
H5425 ,4.5
H5427 ,4.5
H5430 ,3.5
H5431 ,5
H5433 ,4
H5434 ,4
H5435 ,3.5
H5439 ,3.5
H5447 ,Plan too new to be measured
H5454 ,Not enough data available
H5471 ,4.5
H5475 ,3.5
H5496 ,2.5
H5521 ,4.5
H5522 ,5
H5525 ,4.5
H5526 ,5
H5528 ,Not enough data available
H5533 ,5
H5549 ,4.5
H5576 ,4.5
H5577 ,4.5
H5580 ,3.5
H5587 ,4
H5590 ,3.5
H5591 ,5
H5593 ,4
H5594 ,5
H5599 ,4
H5608 ,4
H5613 ,Not Applicable
H5619 ,4
H5628 ,3.5
H5644 ,Not enough data available
H5649 ,3.5
H5652 ,5
H5703 ,Not enough data available
H5746 ,3
H5774 ,4.5
H5779 ,3.5
H5793 ,4
H5810 ,3.5
H5823 ,3.5
H5826 ,3.5
H5828 ,Plan too new to be measured
H5843 ,Plan too new to be measured
H5852 ,4
H5854 ,4.5
H5859 ,4
H5883 ,5
H5900 ,Plan too new to be measured
H5926 ,3.5
H5928 ,3.5
H5932 ,4.5
H5937 ,4
H5938 ,5
H5943 ,4
H5945 ,3.5
H5959 ,4.5
H5965 ,Not enough data available
H5969 ,3.5
H5970 ,4.5
H5989 ,Not enough data available
H5991 ,3
H5992 ,Not enough data available
H5995 ,3.5
H6062 ,Plan too new to be measured
H6067 ,Plan too new to be measured
H6078 ,Plan too new to be measured
H6080 ,Not enough data available
H6121 ,Not enough data available
H6154 ,4
H6158 ,Plan too new to be measured
H6193 ,Plan too new to be measured
H6202 ,Plan too new to be measured
H6229 ,Not enough data available
H6237 ,4.5
H6306 ,4
H6316 ,Not enough data available
H6322 ,Plan too new to be measured
H6328 ,4
H6345 ,Not enough data available
H6348 ,Not enough data available
H6351 ,Not enough data available
H6379 ,Not enough data available
H6396 ,3.5
H6399 ,Plan too new to be measured
H6446 ,Not enough data available
H6453 ,3.5
H6502 ,4
H6526 ,3.5
H6528 ,4
H6529 ,Plan too new to be measured
H6550 ,3
H6594 ,Plan too new to be measured
H6595 ,4
H6605 ,Plan too new to be measured
H6622 ,4.5
H6652 ,Plan too new to be measured
H6672 ,Not enough data available
H6678 ,Plan too new to be measured
H6706 ,Plan too new to be measured
H6713 ,Plan too new to be measured
H6723 ,4.5
H6743 ,3.5
H6750 ,4
H6776 ,Not enough data available
H6815 ,4
H6830 ,Plan too new to be measured
H6832 ,Not enough data available
H6851 ,Plan too new to be measured
H6870 ,Not enough data available
H6874 ,Plan too new to be measured
H6891 ,Plan too new to be measured
H6898 ,Plan too new to be measured
H6910 ,Not enough data available
H6936 ,3
H6959 ,Not enough data available
H6975 ,Not enough data available
H6988 ,4
H7006 ,4.5
H7020 ,4.5
H7063 ,3.5
H7074 ,Plan too new to be measured
H7076 ,Plan too new to be measured
H7093 ,Plan too new to be measured
H7115 ,3.5
H7123 ,Not enough data available
H7149 ,4
H7151 ,Plan too new to be measured
H7163 ,Plan too new to be measured
H7165 ,Not enough data available
H7169 ,Plan too new to be measured
H7172 ,Not enough data available
H7173 ,3.5
H7175 ,3
H7220 ,4.5
H7245 ,4
H7273 ,Plan too new to be measured
H7284 ,4
H7301 ,4.5
H7322 ,3
H7323 ,Not enough data available
H7326 ,4
H7330 ,Not enough data available
H7360 ,Plan too new to be measured
H7379 ,Plan too new to be measured
H7389 ,Plan too new to be measured
H7399 ,Not enough data available
H7404 ,4
H7419 ,Not enough data available
H7445 ,Not enough data available
H7464 ,4
H7511 ,Not enough data available
H7512 ,Plan too new to be measured
H7518 ,Not enough data available
H7522 ,4
H7556 ,Plan too new to be measured
H7557 ,Plan too new to be measured
H7559 ,Not enough data available
H7594 ,Plan too new to be measured
H7598 ,Plan too new to be measured
H7607 ,Plan too new to be measured
H7617 ,Not enough data available
H7621 ,3.5
H7646 ,4.5
H7670 ,Plan too new to be measured
H7678 ,3.5
H7680 ,3.5
H7728 ,4
H7746 ,Plan too new to be measured
H7779 ,Not enough data available
H7787 ,4
H7833 ,Not enough data available
H7844 ,Not enough data available
H7849 ,3.5
H7853 ,3.5
H7885 ,Not enough data available
H7890 ,Not enough data available
H7917 ,4.5
H7925 ,Plan too new to be measured
H7971 ,Not enough data available
H7993 ,4.5
H8003 ,3.5
H8010 ,3
H8016 ,Not enough data available
H8019 ,Plan too new to be measured
H8026 ,Not enough data available
H8046 ,Not enough data available
H8064 ,Not enough data available
H8067 ,Not enough data available
H8087 ,4
H8093 ,Not enough data available
H8095 ,Plan too new to be measured
H8121 ,Plan too new to be measured
H8125 ,4
H8130 ,3.5
H8133 ,3.5
H8142 ,4.5
H8145 ,4
H8166 ,Plan too new to be measured
H8173 ,Plan too new to be measured
H8176 ,3
H8181 ,4
H8189 ,4.5
H8197 ,Not enough data available
H8211 ,4
H8213 ,Not enough data available
H8225 ,3.5
H8258 ,Not enough data available
H8293 ,Not enough data available
H8298 ,4
H8330 ,Plan too new to be measured
H8332 ,Plan too new to be measured
H8343 ,Plan too new to be measured
H8379 ,3.5
H8385 ,Plan too new to be measured
H8390 ,Plan too new to be measured
H8423 ,Not enough data available
H8432 ,3
H8452 ,Not enough data available
H8457 ,Not enough data available
H8458 ,Plan too new to be measured
H8492 ,Not enough data available
H8547 ,Plan too new to be measured
H8552 ,3.5
H8553 ,Plan too new to be measured
H8554 ,Not enough data available
H8578 ,4
H8597 ,3.5
H8604 ,4
H8634 ,4
H8649 ,3.5
H8677 ,Not enough data available
H8711 ,Plan too new to be measured
H8748 ,4
H8764 ,4
H8768 ,4
H8783 ,4
H8786 ,Not enough data available
H8797 ,Plan too new to be measured
H8845 ,Not enough data available
H8849 ,Plan too new to be measured
H8854 ,3.5
H8889 ,4.5
H8908 ,3.5
H8928 ,Plan too new to be measured
H8961 ,Plan too new to be measured
H8967 ,Not enough data available
H9001 ,4.5
H9003 ,5
H9042 ,Plan too new to be measured
H9047 ,5
H9065 ,4
H9066 ,Not enough data available
H9070 ,3.5
H9078 ,Plan too new to be measured
H9082 ,3.5
H9096 ,5
H9104 ,Not enough data available
H9147 ,Plan too new to be measured
H9153 ,Not enough data available
H9191 ,Plan too new to be measured
H9207 ,4
H9219 ,Plan too new to be measured
H9239 ,Plan too new to be measured
H9258 ,Plan too new to be measured
H9276 ,Not enough data available
H9295 ,Not Applicable
H9302 ,3.5
H9306 ,Plan too new to be measured
H9335 ,Plan too new to be measured
H9357 ,Plan too new to be measured
H9364 ,4
H9387 ,Plan too new to be measured
H9403 ,Not enough data available
H9408 ,4
H9412 ,Not enough data available
H9414 ,Plan too new to be measured
H9428 ,Not enough data available
H9431 ,3.5
H9455 ,Not enough data available
H9460 ,3.5
H9489 ,Plan too new to be measured
H9525 ,4
H9572 ,4.5
H9576 ,Not enough data available
H9585 ,3.5
H9589 ,Not enough data available
H9590 ,Not enough data available
H9614 ,Plan too new to be measured
H9615 ,4.5
H9630 ,3.5
H9662 ,Plan too new to be measured
H9686 ,Plan too new to be measured
H9699 ,3.5
H9706 ,Not enough data available
H9712 ,Not enough data available
H9725 ,4.5
H9730 ,4
H9761 ,Plan too new to be measured
H9763 ,Plan too new to be measured
H9808 ,5
H9811 ,3
H9826 ,Not enough data available
H9827 ,Plan too new to be measured
H9828 ,Plan too new to be measured
H9834 ,5
H9861 ,Not enough data available
H9869 ,Not enough data available
H9876 ,Plan too new to be measured
H9877 ,3.5
H9884 ,Plan too new to be measured
H9900 ,Plan too new to be measured
H9904 ,Plan too new to be measured
H9909 ,Not enough data available
H9917 ,Plan too new to be measured
H9942 ,Not enough data available
H9952 ,3.5
H9955 ,Plan too new to be measured
H9976 ,Plan too new to be measured
H9986 ,Plan too new to be measured
R0110 ,4
R0759 ,4
R0802 ,4
R0865 ,4
R0923 ,4
R1390 ,4
R1532 ,3.5
R1548 ,4
R2604 ,4
R3175 ,3.5
R3332 ,4
R3392 ,4
R3444 ,4
R3887 ,4
R4182 ,4
R4487 ,4
R4845 ,3.5
R5329 ,4.5
R5342 ,4.5
R5361 ,4
R5495 ,4.5
R5826 ,3.5
R5941 ,4
R6694 ,4
R6801 ,3.5
R7220 ,3.5
R7315 ,3.5
R7444 ,4
S0586 ,Not Applicable
S0655 ,Not Applicable
S1030 ,Not Applicable
S1140 ,Not Applicable
S1822 ,Not Applicable
S2465 ,Not Applicable
S2468 ,Not Applicable
S2668 ,Not Applicable
S2874 ,Not Applicable
S2893 ,Not Applicable
S3147 ,Not Applicable
S3285 ,Not Applicable
S3375 ,Not Applicable
S3389 ,Not Applicable
S3521 ,Not Applicable
S3875 ,Not Applicable
S3994 ,Not Applicable
S4219 ,Not Applicable
S4501 ,Not Applicable
S4802 ,Not Applicable
S5450 ,Not Applicable
S5540 ,Not Applicable
S5552 ,Not Applicable
S5584 ,Not Applicable
S5588 ,Not Applicable
S5593 ,Not Applicable
S5596 ,Not Applicable
S5601 ,Not Applicable
S5609 ,Not Applicable
S5617 ,Not Applicable
S5660 ,Not Applicable
S5715 ,Not Applicable
S5726 ,Not Applicable
S5743 ,Not Applicable
S5753 ,Not Applicable
S5795 ,Not Applicable
S5805 ,Not Applicable
S5820 ,Not Applicable
S5857 ,Not Applicable
S5877 ,Not Applicable
S5884 ,Not Applicable
S5904 ,Not Applicable
S5916 ,Not Applicable
S5921 ,Not Applicable
S5953 ,Not Applicable
S5960 ,Not Applicable
S5966 ,Not Applicable
S5975 ,Not Applicable
S5993 ,Not Applicable
S6506 ,Not Applicable
S6875 ,Not Applicable
S6946 ,Not Applicable
S7126 ,Not Applicable
S7694 ,Not Applicable
S8067 ,Not Applicable
S8182 ,Not Applicable
S8677 ,Not Applicable
S8841 ,Not Applicable
S9325 ,Not Applicable
S9701 ,Not Applicable