Contract Number,SNP,2024 Overall,Enrollment
E3014,No ,Not Applicable,95075
H0022,No ,Not enough data available,12019
H0028,Yes ,4,379724
H0034,Yes ,Not enough data available,1330
H0074,Yes ,2.5,1400
H0088,No ,2,1913
H0104,No ,4,106457
H0107,No ,3.5,51336
H0111,Yes ,2.5,10278
H0137,No ,Not enough data available,31932
H0154,Yes ,5,54003
H0169,Yes ,5,93087
H0174,Yes ,3,76304
H0192,No ,Not enough data available,2900
H0251,Yes ,4,64941
H0270,Yes ,3,940
H0271,Yes ,4,353419
H0292,No ,5,10397
H0294,Yes ,3.5,84208
H0302,No ,4,17275
H0321,Yes ,3.5,72248
H0332,No ,5,50080
H0336,No ,Not enough data available,18551
H0342,No ,Not enough data available,448
H0351,Yes ,3,19581
H0354,Yes ,4,56354
H0363,Yes ,Not enough data available,244
H0422,No ,3.5,636
H0423,Yes ,3.5,10168
H0432,Yes ,4,90602
H0439,Yes ,3.5,22385
H0473,Yes ,3.5,56581
H0480,No ,Not enough data available,7694
H0482,Yes ,3,2968
H0504,No ,3.5,89334
H0523,No ,2.5,7941
H0524,No ,4,1382850
H0543,Yes ,3.5,365362
H0544,Yes ,3,119145
H0562,Yes ,3,111667
H0571,Yes ,3,5515
H0609,Yes ,4.5,333799
H0624,Yes ,4,29967
H0628,Yes ,4,53956
H0630,Yes ,4.5,112640
H0672,Yes ,3,8801
H0710,Yes ,5,50586
H0712,Yes ,3,7463
H0724,No ,2.5,1397
H0738,Yes ,Plan too new to be measured,107
H0755,No ,3.5,78779
H0764,Yes ,Plan too new to be measured,677
H0783,No ,Not enough data available,893
H0838,Yes ,2.5,71922
H0876,Yes ,Not enough data available,359
H0885,No ,3.5,40761
H0907,Yes ,3.5,7789
H0908,Yes ,2.5,9543
H0913,Yes ,3.5,14914
H0927,No ,Not enough data available,23060
H0969,No ,3,4163
H0978,Yes ,3,1277
H0982,Yes ,3.5,2736
H1016,No ,3.5,17687
H1019,Yes ,4,197096
H1032,Yes ,3.5,110287
H1035,Yes ,4,89865
H1036,Yes ,5,606269
H1045,Yes ,4.5,316032
H1099,No ,4,33600
H1109,No ,4,1258
H1112,Yes ,3,41074
H1119,Yes ,Not enough data available,1219
H1170,Yes ,3.5,38249
H1181,No ,Not Applicable,1150
H1189,No ,3,4340
H1215,Yes ,3,2505
H1224,Yes ,Plan too new to be measured,18326
H1225,Yes ,3,8313
H1230,Yes ,4,35891
H1248,No ,4,7773
H1277,Yes ,Not enough data available,17
H1278,No ,3.5,129985
H1290,Yes ,5,35363
H1302,No ,Not enough data available,888
H1304,No ,3.5,8438
H1347,No ,Plan too new to be measured,237
H1350,No ,4.5,55834
H1352,No ,4,3918
H1353,Yes ,2.5,8463
H1360,Yes ,3.5,9724
H1365,No ,4.5,1545
H1372,Yes ,Not enough data available,537
H1395,Yes ,2.5,2026
H1416,Yes ,3,66983
H1423,Yes ,3,5988
H1426,No ,Not enough data available,403
H1463,No ,4,22908
H1468,Yes ,4.5,127052
H1537,No ,5,7970
H1587,Yes ,Not enough data available,1407
H1607,No ,3.5,16047
H1608,Yes ,4,110295
H1609,Yes ,3.5,117135
H1610,Yes ,4,12313
H1644,Yes ,3,793
H1651,No ,Not Applicable,14850
H1659,No ,4,1975
H1664,Yes ,3,2644
H1666,No ,3,12050
H1692,Yes ,4,17873
H1722,No ,Not enough data available,1318
H1723,No ,Not enough data available,3190
H1732,Yes ,2.5,35228
H1737,No ,4,658
H1748,Yes ,Not enough data available,349
H1774,No ,Not enough data available,875
H1787,Yes ,Not enough data available,237
H1799,Yes ,3,1940
H1822,Yes ,2.5,2372
H1846,No ,4,926
H1848,Yes ,2.5,1548
H1862,No ,Not enough data available,899
H1889,Yes ,4.5,216484
H1894,Yes ,3,3358
H1914,Yes ,3,6484
H1944,No ,3.5,88535
H1947,Yes ,3.5,2943
H1951,Yes ,4.5,192019
H1961,Yes ,5,98055
H1969,No ,3.5,2099
H1977,No ,Not enough data available,4553
H1993,Yes ,3,4518
H1994,Yes ,5,48394
H1997,No ,3,4371
H2001,No ,4.5,1822308
H2029,No ,Not enough data available,493
H2032,No ,3.5,2396
H2034,Yes ,Not enough data available,500
H2056,No ,3,12813
H2108,Yes ,3,15993
H2117,Yes ,2.5,9315
H2128,Yes ,2.5,2886
H2134,Yes ,3,9192
H2162,No ,Not enough data available,1152
H2168,Yes ,3.5,3373
H2171,No ,3,2279
H2172,No ,3.5,112014
H2174,Yes ,3,1711
H2185,Yes ,Not enough data available,298
H2224,Yes ,3.5,11941
H2225,Yes ,4,14836
H2226,Yes ,4.5,22601
H2230,No ,3.5,65767
H2235,No ,4.5,12998
H2237,Yes ,3.5,9404
H2246,No ,Plan too new to be measured,2291
H2247,Yes ,4,33226
H2256,No ,4.5,102336
H2261,No ,3.5,14487
H2272,Yes ,Plan too new to be measured,321
H2292,Yes ,5,9832
H2293,Yes ,Plan too new to be measured,82738
H2320,No ,4.5,154030
H2322,No ,4.5,11163
H2354,Yes ,4,70054
H2392,Yes ,Not enough data available,684
H2400,Yes ,3,988
H2406,Yes ,4,206579
H2416,Yes ,4.5,1920
H2417,Yes ,Not enough data available,360
H2419,Yes ,4.5,1294
H2422,Yes ,3.5,5934
H2425,Yes ,4,10107
H2450,No ,4,101744
H2456,Yes ,4,17413
H2458,Yes ,3.5,9988
H2459,Yes ,4.5,105454
H2461,No ,4.5,46159
H2462,No ,Not enough data available,2461
H2463,No ,4,2854
H2478,Yes ,Plan too new to be measured,25
H2486,No ,3.5,17528
H2491,Yes ,3,21439
H2506,No ,Not enough data available,18388
H2509,Yes ,Plan too new to be measured,492
H2526,No ,Plan too new to be measured,792
H2531,No ,Not enough data available,9273
H2533,No ,Not enough data available,3501
H2563,Yes ,3,23990
H2577,No ,3.5,145271
H2582,Yes ,3.5,11151
H2591,No ,Not enough data available,497
H2593,Yes ,2.5,9153
H2610,No ,5,54744
H2624,Yes ,4.5,1256
H2663,No ,4.5,72285
H2686,No ,Plan too new to be measured,2446
H2694,No ,Not enough data available,140
H2697,Yes ,5,24978
H2715,No ,Plan too new to be measured,89
H2722,Yes ,Not enough data available,542
H2737,No ,3,2106
H2752,Yes ,Not enough data available,277
H2765,No ,3.5,2125
H2775,Yes ,3,110233
H2782,No ,2.5,3343
H2802,Yes ,4,267289
H2816,No ,4,2611
H2836,Yes ,3,11957
H2853,No ,3,1177
H2879,Yes ,3,1346
H2915,Yes ,3.5,10811
H2923,No ,Plan too new to be measured,498
H2926,Yes ,Not enough data available,299
H2942,No ,Plan too new to be measured,3881
H2944,No ,3.5,980
H2960,Yes ,3.5,18464
H2962,Yes ,4,14442
H3015,Yes ,Not enough data available,3638
H3041,No ,Plan too new to be measured,421
H3047,No ,3,2208
H3071,No ,2.5,1185
H3080,Yes ,Plan too new to be measured,2452
H3113,Yes ,3.5,96972
H3146,Yes ,4,45811
H3152,No ,3.5,30558
H3170,No ,3,622
H3186,No ,Not enough data available,422
H3189,No ,Plan too new to be measured,50
H3192,Yes ,3.5,34135
H3204,Yes ,3,56598
H3206,No ,2.5,1299
H3219,No ,4.5,19147
H3239,Yes ,4,20003
H3240,Yes ,3,22902
H3251,Yes ,3,9807
H3256,Yes ,4.5,49041
H3259,Yes ,4,29329
H3276,Yes ,3,2398
H3288,No ,3.5,58368
H3291,Yes ,Not enough data available,1258
H3305,Yes ,4.5,25752
H3307,No ,3,38678
H3312,Yes ,3.5,49272
H3330,No ,3,71736
H3335,No ,4.5,80531
H3342,No ,Not enough data available,388
H3344,No ,5,4625
H3347,Yes ,3.5,12860
H3351,No ,4,89817
H3359,Yes ,4,238244
H3362,Yes ,5,61382
H3379,Yes ,4,38988
H3384,No ,4,46479
H3387,Yes ,3.5,151349
H3388,Yes ,4.5,43586
H3404,No ,4.5,26393
H3407,Yes ,Not enough data available,89
H3416,No ,4.5,9997
H3418,No ,3,36971
H3419,Yes ,Not enough data available,56
H3443,Yes ,3.5,2553
H3447,Yes ,3.5,203756
H3449,No ,4,82161
H3467,Yes ,Not enough data available,726
H3471,No ,3,12542
H3499,Yes ,3,4167
H3528,No ,3.5,33695
H3533,Yes ,3,39460
H3536,No ,3.5,4342
H3554,No ,3.5,6528
H3557,No ,4.5,12452
H3561,Yes ,3,7825
H3597,Yes ,4,17724
H3653,No ,4,14160
H3655,Yes ,3.5,274591
H3660,No ,4.5,23350
H3664,No ,5,13810
H3668,No ,4.5,37229
H3672,Yes ,4,7885
H3706,Yes ,4.5,11757
H3708,Yes ,Not enough data available,280
H3727,Yes ,Not enough data available,1944
H3748,No ,3.5,23093
H3749,No ,3.5,36357
H3755,No ,4,32573
H3777,No ,4.5,4529
H3794,Yes ,4.5,43566
H3800,Yes ,3,1367
H3805,No ,4,149262
H3810,Yes ,3,4787
H3811,Yes ,3,6886
H3813,No ,3,5889
H3814,Yes ,3,2799
H3815,Yes ,4,103696
H3817,No ,3.5,72461
H3822,No ,2.5,21582
H3832,Yes ,4,37394
H3864,Yes ,3.5,36086
H3890,No ,3,6102
H3907,No ,5,147527
H3909,No ,4.5,28661
H3916,No ,4.5,202472
H3923,No ,4,24435
H3924,No ,4,44646
H3928,No ,4,898
H3931,Yes ,4,63171
H3949,Yes ,3.5,42165
H3952,No ,4,80157
H3954,Yes ,4,55013
H3957,No ,5,57328
H3959,Yes ,4.5,176324
H3962,No ,4,9475
H3975,Yes ,3.5,2592
H3979,No ,4,1662
H4003,Yes ,4,173867
H4004,Yes ,4.5,117581
H4005,No ,4,5829
H4007,Yes ,4.5,23895
H4036,Yes ,3.5,239356
H4045,Yes ,Plan too new to be measured,10705
H4054,Yes ,Not enough data available,1973
H4073,Yes ,3,5018
H4091,Yes ,Not enough data available,2529
H4093,Yes ,Not enough data available,681
H4094,Yes ,3,300
H4140,Yes ,3.5,10609
H4141,Yes ,4,92895
H4152,Yes ,4.5,59259
H4161,No ,Plan too new to be measured,43375
H4172,Yes ,5,1020
H4198,No ,Not enough data available,215
H4213,No ,3.5,2430
H4227,Yes ,3.5,17483
H4232,Yes ,Not enough data available,302
H4277,No ,Plan too new to be measured,32
H4279,Yes ,4.5,41217
H4286,Yes ,5,38997
H4343,No ,3,1023
H4346,Yes ,3,11563
H4407,Yes ,4,13468
H4461,Yes ,5,167990
H4490,Yes ,Not enough data available,410
H4497,No ,4.5,9590
H4506,No ,3,30571
H4513,Yes ,4,270348
H4514,Yes ,4,67658
H4523,No ,4,11300
H4527,Yes ,4.5,155976
H4537,Yes ,Not enough data available,321
H4544,No ,3,3373
H4604,Yes ,4.5,121981
H4605,No ,4,11513
H4623,No ,4,18546
H4624,Yes ,3,2293
H4676,Yes ,2.5,2203
H4699,Yes ,2.5,1439
H4711,Yes ,3,14751
H4733,Yes ,Plan too new to be measured,6765
H4739,Yes ,Not enough data available,27
H4754,No ,3.5,8354
H4801,No ,3,9367
H4808,No ,Plan too new to be measured,466
H4835,No ,3,7418
H4847,Yes ,3,8855
H4863,No ,Plan too new to be measured,455
H4868,Yes ,3,59499
H4869,Yes ,Plan too new to be measured,267
H4875,No ,4.5,77934
H4882,No ,4.5,41811
H4909,Yes ,3,43314
H4931,Yes ,3.5,13287
H4937,No ,3.5,17716
H4943,No ,Plan too new to be measured,129
H4961,No ,3,4210
H4982,Yes ,3,21228
H5008,Yes ,3.5,125273
H5009,No ,3,26743
H5010,No ,4,1234
H5015,Yes ,4,2130
H5042,No ,4.5,8847
H5050,No ,3.5,98843
H5087,No ,3,68618
H5106,No ,4.5,12717
H5117,No ,Not enough data available,157
H5140,No ,3.5,2079
H5141,No ,3,76012
H5199,Yes ,3,9288
H5209,Yes ,4,1810
H5211,Yes ,4,63832
H5215,Yes ,5,69722
H5216,Yes ,4.5,2368490
H5253,Yes ,4.5,801804
H5256,No ,Not Applicable,3682
H5262,Yes ,4.5,30021
H5264,No ,Not Applicable,13153
H5273,No ,4,5069
H5280,No ,Not enough data available,13878
H5294,Yes ,3,27429
H5296,Yes ,4.5,2957
H5299,Yes ,Plan too new to be measured,1378
H5302,Yes ,4,6465
H5322,Yes ,4,172173
H5325,Yes ,4,15414
H5374,Yes ,3,980
H5377,No ,Not enough data available,4322
H5386,No ,4.5,12915
H5398,No ,3.5,1069
H5410,Yes ,4.5,28373
H5420,Yes ,5,39582
H5422,Yes ,3,15804
H5425,Yes ,3.5,281512
H5427,Yes ,4.5,59548
H5431,Yes ,4.5,51302
H5433,Yes ,3,17687
H5434,No ,3.5,70068
H5435,No ,3,2730
H5439,No ,2.5,13854
H5447,Yes ,Not enough data available,25
H5454,Yes ,Not enough data available,57
H5471,Yes ,5,58623
H5472,Yes ,Plan too new to be measured,103
H5475,Yes ,2.5,31903
H5496,Yes ,3,7841
H5521,Yes ,4,2013519
H5522,Yes ,4.5,94672
H5525,Yes ,4,183691
H5526,No ,4,25015
H5533,No ,5,19964
H5549,Yes ,3,7438
H5577,Yes ,5,206733
H5580,Yes ,3.5,12961
H5587,Yes ,3.5,8968
H5590,Yes ,3,22032
H5591,No ,4.5,70329
H5593,Yes ,4.5,3526
H5594,Yes ,5,58973
H5599,Yes ,3,56471
H5608,Yes ,3.5,5189
H5619,Yes ,4,502152
H5628,Yes ,3,19694
H5649,Yes ,3.5,50005
H5652,Yes ,5,5857
H5703,Yes ,Not enough data available,475
H5774,Yes ,4.5,113403
H5779,No ,3,10841
H5793,Yes ,4,17257
H5810,No ,2.5,18931
H5823,Yes ,2.5,21540
H5826,Yes ,3.5,16295
H5828,Yes ,3.5,45217
H5843,No ,3.5,10396
H5852,Yes ,3,590
H5854,Yes ,4,26966
H5859,Yes ,3.5,16749
H5883,No ,4,97395
H5900,No ,3.5,10563
H5926,Yes ,2.5,14270
H5928,No ,3.5,33741
H5932,Yes ,4,40774
H5937,Yes ,3.5,8914
H5938,No ,4.5,23716
H5943,Yes ,3,858
H5945,Yes ,3.5,20523
H5959,No ,4.5,164598
H5965,Yes ,Not enough data available,1230
H5969,Yes ,3,2357
H5970,Yes ,3.5,115779
H5989,No ,3.5,23776
H5991,Yes ,3,1014
H5992,Yes ,Not enough data available,212
H5995,Yes ,3,2240
H6018,No ,Plan too new to be measured,180
H6019,Yes ,Plan too new to be measured,8443
H6067,No ,2.5,3390
H6078,No ,4,11934
H6080,No ,Not enough data available,17796
H6154,No ,3,1320
H6158,No ,3.5,11484
H6193,No ,Not enough data available,2358
H6200,No ,Plan too new to be measured,1178
H6202,No ,4.5,8618
H6237,No ,3.5,8991
H6306,No ,4.5,4980
H6316,Yes ,Not enough data available,24
H6322,Yes ,Not enough data available,772
H6328,No ,3.5,8342
H6345,Yes ,4,522
H6348,Yes ,3,1210
H6351,Yes ,Not enough data available,856
H6378,Yes ,Plan too new to be measured,24
H6379,Yes ,Not enough data available,322
H6396,Yes ,4,3086
H6399,Yes ,3,4522
H6408,No ,Plan too new to be measured,61
H6446,Yes ,3,3203
H6453,Yes ,4.5,14855
H6502,No ,3.5,27772
H6526,No ,3,2275
H6529,No ,Not enough data available,583
H6545,No ,Plan too new to be measured,1036
H6550,Yes ,3,2012
H6586,No ,Plan too new to be measured,611
H6594,No ,3,3130
H6595,Yes ,4,22312
H6605,No ,2,1946
H6622,Yes ,4,416431
H6678,No ,3,2141
H6706,No ,Not enough data available,419
H6713,No ,2.5,14639
H6723,No ,4.5,29756
H6743,No ,2.5,18279
H6750,No ,3.5,9847
H6765,Yes ,Plan too new to be measured,656
H6776,Yes ,Not enough data available,336
H6813,No ,Plan too new to be measured,667
H6815,No ,3,18350
H6830,No ,Not enough data available,487
H6832,Yes ,Not enough data available,473
H6847,No ,Plan too new to be measured,309
H6851,No ,Not enough data available,808
H6852,No ,Plan too new to be measured,529
H6870,No ,Not enough data available,6214
H6874,No ,Not enough data available,1105
H6891,Yes ,Not enough data available,547
H6898,No ,3.5,11446
H6910,No ,3.5,1809
H6959,Yes ,Not enough data available,483
H6975,Yes ,2.5,1344
H6988,Yes ,3.5,2699
H7006,No ,3,4264
H7020,No ,4,5018
H7028,No ,Plan too new to be measured,1448
H7063,No ,4,3740
H7074,No ,Not enough data available,55
H7093,No ,3,12872
H7115,Yes ,3,6498
H7123,Yes ,3.5,819
H7147,Yes ,Plan too new to be measured,2344
H7149,Yes ,4,10688
H7151,No ,3.5,7079
H7163,Yes ,Not enough data available,195
H7165,No ,Not enough data available,39
H7169,Yes ,2.5,1536
H7172,No ,Not enough data available,14096
H7175,Yes ,2.5,8118
H7199,No ,Plan too new to be measured,1188
H7220,No ,4,18823
H7245,No ,3,25034
H7273,No ,Not enough data available,234
H7284,Yes ,4,38434
H7301,No ,4,55964
H7323,Yes ,2.5,4366
H7326,Yes ,3.5,18835
H7330,Yes ,2.5,2270
H7360,No ,Not enough data available,1140
H7379,No ,3.5,5269
H7389,Yes ,Not enough data available,2143
H7399,No ,3,1598
H7404,No ,3.5,75130
H7419,No ,Not enough data available,8139
H7464,Yes ,3.5,60763
H7511,Yes ,Not enough data available,318
H7512,No ,3,1281
H7518,Yes ,3,2310
H7522,No ,4,462
H7557,Yes ,Not enough data available,753
H7559,Yes ,2.5,1018
H7605,Yes ,Plan too new to be measured,991
H7607,Yes ,3,13666
H7617,No ,5,8349
H7621,No ,3.5,7861
H7646,No ,4.5,8192
H7670,No ,Not enough data available,959
H7678,Yes ,2.5,7342
H7680,Yes ,4,6120
H7746,No ,Not enough data available,11
H7778,Yes ,Plan too new to be measured,84
H7779,Yes ,Not enough data available,765
H7787,No ,3,18935
H7833,No ,Not enough data available,2911
H7844,No ,Not enough data available,11475
H7849,No ,3,81271
H7917,No ,4.5,144461
H7925,No ,3.5,1153
H7993,Yes ,4.5,37405
H8003,No ,4,21064
H8010,No ,3,3670
H8019,No ,4.5,648
H8026,No ,Not enough data available,8330
H8046,No ,Not enough data available,19002
H8064,No ,Not enough data available,417
H8067,Yes ,Not enough data available,240
H8070,No ,Plan too new to be measured,1793
H8093,Yes ,4,1312
H8095,No ,Not enough data available,469
H8121,No ,Not enough data available,502
H8133,No ,3.5,4258
H8142,No ,4,26146
H8145,No ,4,21002
H8166,No ,4,6393
H8173,Yes ,4,13257
H8176,Yes ,3.5,2086
H8181,No ,4,6306
H8189,Yes ,3.5,2947
H8197,No ,Not enough data available,9423
H8211,No ,3.5,17499
H8213,No ,Not enough data available,4455
H8225,No ,2.5,1822
H8293,Yes ,Not enough data available,107
H8298,Yes ,3.5,20199
H8330,Yes ,4.5,9009
H8332,No ,3,12618
H8379,Yes ,4,10829
H8385,No ,4.5,2159
H8432,Yes ,3,36187
H8452,No ,Not enough data available,17310
H8457,Yes ,Not enough data available,659
H8458,No ,Not enough data available,538
H8492,Yes ,Not enough data available,273
H8547,No ,Not enough data available,890
H8552,Yes ,2.5,22152
H8553,No ,2.5,1611
H8554,Yes ,3,901
H8578,No ,3,8942
H8597,Yes ,3.5,12557
H8604,No ,4,618
H8634,Yes ,3,32100
H8649,Yes ,3.5,6679
H8764,No ,3,6641
H8768,No ,4,386647
H8783,No ,4.5,2184
H8786,No ,Not enough data available,7198
H8797,Yes ,Not enough data available,474
H8845,Yes ,Not enough data available,412
H8849,Yes ,3,73716
H8854,Yes ,3.5,5768
H8889,No ,4,30393
H8894,Yes ,Plan too new to be measured,34542
H8902,Yes ,Plan too new to be measured,146
H8908,Yes ,3.5,40524
H8928,Yes ,4,9593
H8967,Yes ,Not enough data available,142
H8998,No ,Plan too new to be measured,21
H9001,No ,4,12007
H9003,No ,3.5,103553
H9042,No ,Not enough data available,623
H9047,Yes ,3.5,62825
H9065,Yes ,3.5,16905
H9066,Yes ,Not enough data available,119
H9096,No ,4.5,10797
H9147,Yes ,2.5,1675
H9153,Yes ,5,958
H9191,Yes ,3.5,1429
H9207,Yes ,3.5,12895
H9219,No ,3.5,888
H9231,No ,Plan too new to be measured,102
H9239,No ,Not enough data available,5347
H9258,No ,Not enough data available,275
H9306,Yes ,2.5,5856
H9335,Yes ,3,686
H9357,No ,2.5,1238
H9364,Yes ,3.5,7710
H9387,Yes ,2.5,924
H9414,No ,Not enough data available,2847
H9428,No ,2.5,1037
H9431,No ,3,9616
H9460,No ,3.5,1110
H9469,No ,Plan too new to be measured,538
H9485,No ,Plan too new to be measured,862
H9489,No ,Not enough data available,513
H9525,Yes ,4,120588
H9572,No ,4,531074
H9576,No ,Not enough data available,13248
H9585,Yes ,4,1876
H9590,Yes ,Not enough data available,755
H9614,No ,Not enough data available,52
H9615,No ,3.5,33721
H9630,Yes ,3.5,16585
H9678,No ,Plan too new to be measured,582
H9686,Yes ,3.5,2465
H9699,No ,4,1797
H9706,Yes ,3,2796
H9712,No ,Not enough data available,4332
H9725,Yes ,4.5,16174
H9730,Yes ,3.5,42438
H9761,No ,2.5,6604
H9763,No ,4,2877
H9808,No ,4,14992
H9811,No ,2.5,510
H9826,Yes ,Not enough data available,230
H9827,No ,Not enough data available,178
H9834,No ,5,3625
H9861,Yes ,Not enough data available,856
H9869,No ,Not enough data available,1690
H9876,No ,Not enough data available,357
H9884,No ,Not enough data available,2889
H9888,No ,Plan too new to be measured,411
H9900,Yes ,2,1783
H9904,No ,Not enough data available,972
H9907,No ,Plan too new to be measured,2232
H9909,Yes ,Not enough data available,569
H9917,Yes ,Not enough data available,106
H9942,Yes ,3,1199
H9943,Yes ,Plan too new to be measured,149
H9952,Yes ,3.5,1882
H9955,Yes ,3,2287
H9976,No ,2,1365
H9986,Yes ,Not enough data available,975
R0110,No ,4.5,11384
R0759,Yes ,3.5,41623
R0865,No ,4,7782
R0923,No ,4,2308
R1390,No ,3.5,25171
R1532,No ,3,3563
R2604,Yes ,4,60764
R3175,Yes ,3,453
R3332,No ,3.5,24348
R3392,No ,4,8729
R3444,Yes ,3.5,12762
R3887,No ,4,3466
R4182,No ,3.5,18238
R4487,No ,3.5,12056
R4845,No ,3,5297
R5329,No ,3.5,825
R5342,No ,3.5,89984
R5361,No ,4,8060
R5495,No ,4,1969
R5826,No ,3.5,8595
R5941,No ,3.5,10372
R6694,No ,4,1536
R6801,Yes ,3.5,74026
R7220,No ,3,2656
R7315,No ,3.5,3551
R7444,No ,3.5,13745
S0586,No ,Not Applicable,206
S0655,No ,Not Applicable,9160
S1030,No ,Not Applicable,32299
S1140,No ,Not Applicable,3107
S1822,No ,Not Applicable,1563
S2465,No ,Not Applicable,49
S2468,No ,Not Applicable,40600
S2668,No ,Not Applicable,3933
S2874,No ,Not Applicable,3515
S2893,No ,Not Applicable,174495
S3285,No ,Not Applicable,5558
S3389,No ,Not Applicable,908
S3521,No ,Not Applicable,4787
S4219,No ,Not Applicable,631
S4501,No ,Not Applicable,7043
S4802,No ,Not Applicable,4551556
S5540,No ,Not Applicable,31616
S5552,No ,Not Applicable,54442
S5584,No ,Not Applicable,27872
S5593,No ,Not Applicable,19615
S5596,No ,Not Applicable,218927
S5601,No ,Not Applicable,6023125
S5609,No ,Not Applicable,3774
S5617,No ,Not Applicable,1569948
S5660,No ,Not Applicable,950683
S5715,No ,Not Applicable,276605
S5726,No ,Not Applicable,22610
S5743,No ,Not Applicable,176468
S5795,No ,Not Applicable,23125
S5805,No ,Not Applicable,117400
S5820,No ,Not Applicable,1559797
S5857,No ,Not Applicable,15
S5877,No ,Not Applicable,1139
S5884,No ,Not Applicable,2661826
S5904,No ,Not Applicable,49026
S5916,No ,Not Applicable,3233
S5921,No ,Not Applicable,1618835
S5953,No ,Not Applicable,28194
S5960,No ,Not Applicable,1072
S5966,No ,Not Applicable,85769
S5975,No ,Not Applicable,22661
S5993,No ,Not Applicable,27432
S6506,No ,Not Applicable,11769
S6875,No ,Not Applicable,2592
S6946,No ,Not Applicable,443017
S7126,No ,Not Applicable,65008
S7694,No ,Not Applicable,266876
S8067,No ,Not Applicable,3802
S8841,No ,Not Applicable,733507
S9701,No ,Not Applicable,89699